17:52:21 DEBUG : Logs will be stored at '/home/grzegorz/git/MADC_ARTY/Software/vitis/IDE.log'.
17:52:22 INFO  : Launching XSCT server: xsct -n  -interactive /home/grzegorz/git/MADC_ARTY/Software/vitis/temp_xsdb_launch_script.tcl
17:52:22 INFO  : Registering command handlers for Vitis TCF services
17:52:24 INFO  : Platform repository initialization has completed.
17:52:24 INFO  : XSCT server has started successfully.
17:52:24 INFO  : plnx-install-location is set to ''
17:52:24 INFO  : Successfully done setting XSCT server connection channel  
17:52:24 INFO  : Successfully done query RDI_DATADIR 
17:52:24 INFO  : Successfully done setting workspace for the tool. 
17:53:39 INFO  : Result from executing command 'getProjects': MADC
17:53:39 INFO  : Result from executing command 'getPlatforms': xilinx_vck190_base_202410_1|/opt/Xilinx/Vitis/2024.1/base_platforms/xilinx_vck190_base_202410_1/xilinx_vck190_base_202410_1.xpfm;xilinx_vck190_base_dfx_202410_1|/opt/Xilinx/Vitis/2024.1/base_platforms/xilinx_vck190_base_dfx_202410_1/xilinx_vck190_base_dfx_202410_1.xpfm;xilinx_vek280_base_202410_1|/opt/Xilinx/Vitis/2024.1/base_platforms/xilinx_vek280_base_202410_1/xilinx_vek280_base_202410_1.xpfm;xilinx_vek280_base_bdc_202410_1|/opt/Xilinx/Vitis/2024.1/base_platforms/xilinx_vek280_base_bdc_202410_1/xilinx_vek280_base_bdc_202410_1.xpfm;xilinx_vmk180_base_202410_1|/opt/Xilinx/Vitis/2024.1/base_platforms/xilinx_vmk180_base_202410_1/xilinx_vmk180_base_202410_1.xpfm;xilinx_zcu102_base_202410_1|/opt/Xilinx/Vitis/2024.1/base_platforms/xilinx_zcu102_base_202410_1/xilinx_zcu102_base_202410_1.xpfm;xilinx_zcu102_base_dfx_202410_1|/opt/Xilinx/Vitis/2024.1/base_platforms/xilinx_zcu102_base_dfx_202410_1/xilinx_zcu102_base_dfx_202410_1.xpfm;xilinx_zcu104_base_202410_1|/opt/Xilinx/Vitis/2024.1/base_platforms/xilinx_zcu104_base_202410_1/xilinx_zcu104_base_202410_1.xpfm
17:56:37 DEBUG : Logs will be stored at '/home/grzegorz/git/MADC_ARTY/Software/vitis/IDE.log'.
17:56:38 INFO  : Launching XSCT server: xsct -n  -interactive /home/grzegorz/git/MADC_ARTY/Software/vitis/temp_xsdb_launch_script.tcl
17:56:39 INFO  : Registering command handlers for Vitis TCF services
17:56:40 INFO  : Platform repository initialization has completed.
17:56:40 INFO  : XSCT server has started successfully.
17:56:40 INFO  : Successfully done setting XSCT server connection channel  
17:56:40 INFO  : plnx-install-location is set to ''
17:56:40 INFO  : Successfully done setting workspace for the tool. 
17:56:40 INFO  : Successfully done query RDI_DATADIR 
17:57:34 INFO  : Result from executing command 'getProjects': MADC_ARTY_Z7_wrapper
17:57:34 INFO  : Result from executing command 'getPlatforms': xilinx_vck190_base_202410_1|/opt/Xilinx/Vitis/2024.1/base_platforms/xilinx_vck190_base_202410_1/xilinx_vck190_base_202410_1.xpfm;xilinx_vck190_base_dfx_202410_1|/opt/Xilinx/Vitis/2024.1/base_platforms/xilinx_vck190_base_dfx_202410_1/xilinx_vck190_base_dfx_202410_1.xpfm;xilinx_vek280_base_202410_1|/opt/Xilinx/Vitis/2024.1/base_platforms/xilinx_vek280_base_202410_1/xilinx_vek280_base_202410_1.xpfm;xilinx_vek280_base_bdc_202410_1|/opt/Xilinx/Vitis/2024.1/base_platforms/xilinx_vek280_base_bdc_202410_1/xilinx_vek280_base_bdc_202410_1.xpfm;xilinx_vmk180_base_202410_1|/opt/Xilinx/Vitis/2024.1/base_platforms/xilinx_vmk180_base_202410_1/xilinx_vmk180_base_202410_1.xpfm;xilinx_zcu102_base_202410_1|/opt/Xilinx/Vitis/2024.1/base_platforms/xilinx_zcu102_base_202410_1/xilinx_zcu102_base_202410_1.xpfm;xilinx_zcu102_base_dfx_202410_1|/opt/Xilinx/Vitis/2024.1/base_platforms/xilinx_zcu102_base_dfx_202410_1/xilinx_zcu102_base_dfx_202410_1.xpfm;xilinx_zcu104_base_202410_1|/opt/Xilinx/Vitis/2024.1/base_platforms/xilinx_zcu104_base_202410_1/xilinx_zcu104_base_202410_1.xpfm
17:57:34 WARN  : An unexpected exception occurred in the module 'platform project logging'
17:57:35 INFO  : Platform 'MADC_ARTY_Z7_wrapper' is added to custom repositories.
17:57:43 INFO  : Platform 'MADC_ARTY_Z7_wrapper' is added to custom repositories.
18:05:56 INFO  : Result from executing command 'getProjects': MADC_ARTY_Z7_wrapper
18:05:56 INFO  : Result from executing command 'getPlatforms': xilinx_vck190_base_202410_1|/opt/Xilinx/Vitis/2024.1/base_platforms/xilinx_vck190_base_202410_1/xilinx_vck190_base_202410_1.xpfm;xilinx_vck190_base_dfx_202410_1|/opt/Xilinx/Vitis/2024.1/base_platforms/xilinx_vck190_base_dfx_202410_1/xilinx_vck190_base_dfx_202410_1.xpfm;xilinx_vek280_base_202410_1|/opt/Xilinx/Vitis/2024.1/base_platforms/xilinx_vek280_base_202410_1/xilinx_vek280_base_202410_1.xpfm;xilinx_vek280_base_bdc_202410_1|/opt/Xilinx/Vitis/2024.1/base_platforms/xilinx_vek280_base_bdc_202410_1/xilinx_vek280_base_bdc_202410_1.xpfm;xilinx_vmk180_base_202410_1|/opt/Xilinx/Vitis/2024.1/base_platforms/xilinx_vmk180_base_202410_1/xilinx_vmk180_base_202410_1.xpfm;xilinx_zcu102_base_202410_1|/opt/Xilinx/Vitis/2024.1/base_platforms/xilinx_zcu102_base_202410_1/xilinx_zcu102_base_202410_1.xpfm;xilinx_zcu102_base_dfx_202410_1|/opt/Xilinx/Vitis/2024.1/base_platforms/xilinx_zcu102_base_dfx_202410_1/xilinx_zcu102_base_dfx_202410_1.xpfm;xilinx_zcu104_base_202410_1|/opt/Xilinx/Vitis/2024.1/base_platforms/xilinx_zcu104_base_202410_1/xilinx_zcu104_base_202410_1.xpfm
18:05:57 INFO  : Platform 'MADC_ARTY_Z7_wrapper' is added to custom repositories.
18:06:05 INFO  : Platform 'MADC_ARTY_Z7_wrapper' is added to custom repositories.
18:15:38 INFO  : Hardware specification for platform project 'MADC_ARTY_Z7_wrapper' is updated.
18:28:03 INFO  : Hardware specification for platform project 'MADC_ARTY_Z7_wrapper' is updated.
18:33:53 INFO  : Hardware specification for platform project 'MADC_ARTY_Z7_wrapper' is updated.
18:34:12 INFO  : Result from executing command 'getProjects': MADC_ARTY_Z7_wrapper
18:34:12 INFO  : Result from executing command 'getPlatforms': MADC_ARTY_Z7_wrapper|/home/grzegorz/git/MADC_ARTY/Software/vitis/MADC_ARTY_Z7_wrapper/export/MADC_ARTY_Z7_wrapper/MADC_ARTY_Z7_wrapper.xpfm;xilinx_vck190_base_202410_1|/opt/Xilinx/Vitis/2024.1/base_platforms/xilinx_vck190_base_202410_1/xilinx_vck190_base_202410_1.xpfm;xilinx_vck190_base_dfx_202410_1|/opt/Xilinx/Vitis/2024.1/base_platforms/xilinx_vck190_base_dfx_202410_1/xilinx_vck190_base_dfx_202410_1.xpfm;xilinx_vek280_base_202410_1|/opt/Xilinx/Vitis/2024.1/base_platforms/xilinx_vek280_base_202410_1/xilinx_vek280_base_202410_1.xpfm;xilinx_vek280_base_bdc_202410_1|/opt/Xilinx/Vitis/2024.1/base_platforms/xilinx_vek280_base_bdc_202410_1/xilinx_vek280_base_bdc_202410_1.xpfm;xilinx_vmk180_base_202410_1|/opt/Xilinx/Vitis/2024.1/base_platforms/xilinx_vmk180_base_202410_1/xilinx_vmk180_base_202410_1.xpfm;xilinx_zcu102_base_202410_1|/opt/Xilinx/Vitis/2024.1/base_platforms/xilinx_zcu102_base_202410_1/xilinx_zcu102_base_202410_1.xpfm;xilinx_zcu102_base_dfx_202410_1|/opt/Xilinx/Vitis/2024.1/base_platforms/xilinx_zcu102_base_dfx_202410_1/xilinx_zcu102_base_dfx_202410_1.xpfm;xilinx_zcu104_base_202410_1|/opt/Xilinx/Vitis/2024.1/base_platforms/xilinx_zcu104_base_202410_1/xilinx_zcu104_base_202410_1.xpfm
19:36:28 INFO  : Checking for BSP changes to sync application flags for project 'MADC'...
19:36:31 INFO  : The hardware specification used by project 'MADC' is out of sync with the platform. Resource files extracted from the hardware specification will be updated.
19:36:31 INFO  : The file '/home/grzegorz/git/MADC_ARTY/Software/vitis/MADC/_ide/bitstream/MADC_ARTY_Z7_wrapper.bit' stored in project is removed.
19:36:31 INFO  : The updated bitstream files are copied from platform to folder '/home/grzegorz/git/MADC_ARTY/Software/vitis/MADC/_ide/bitstream' in project 'MADC'.
19:36:31 INFO  : The file '/home/grzegorz/git/MADC_ARTY/Software/vitis/MADC/_ide/psinit/ps7_init.tcl' stored in project is removed.
19:36:37 INFO  : The updated ps init files are copied from platform to folder '/home/grzegorz/git/MADC_ARTY/Software/vitis/MADC/_ide/psinit' in project 'MADC'.
19:37:12 INFO  : Checking for BSP changes to sync application flags for project 'MADC'...
19:38:11 INFO  : Checking for BSP changes to sync application flags for project 'MADC'...
19:38:57 INFO  : Checking for BSP changes to sync application flags for project 'MADC'...
19:39:21 INFO  : Checking for BSP changes to sync application flags for project 'MADC'...
19:40:28 INFO  : Checking for BSP changes to sync application flags for project 'MADC'...
19:40:52 INFO  : Result from executing command 'removePlatformRepo': 
19:41:02 INFO  : Result from executing command 'getProjects': MADC_ARTY_Z7_wrapper
19:41:02 INFO  : Result from executing command 'getPlatforms': xilinx_vck190_base_202410_1|/opt/Xilinx/Vitis/2024.1/base_platforms/xilinx_vck190_base_202410_1/xilinx_vck190_base_202410_1.xpfm;xilinx_vck190_base_dfx_202410_1|/opt/Xilinx/Vitis/2024.1/base_platforms/xilinx_vck190_base_dfx_202410_1/xilinx_vck190_base_dfx_202410_1.xpfm;xilinx_vek280_base_202410_1|/opt/Xilinx/Vitis/2024.1/base_platforms/xilinx_vek280_base_202410_1/xilinx_vek280_base_202410_1.xpfm;xilinx_vek280_base_bdc_202410_1|/opt/Xilinx/Vitis/2024.1/base_platforms/xilinx_vek280_base_bdc_202410_1/xilinx_vek280_base_bdc_202410_1.xpfm;xilinx_vmk180_base_202410_1|/opt/Xilinx/Vitis/2024.1/base_platforms/xilinx_vmk180_base_202410_1/xilinx_vmk180_base_202410_1.xpfm;xilinx_zcu102_base_202410_1|/opt/Xilinx/Vitis/2024.1/base_platforms/xilinx_zcu102_base_202410_1/xilinx_zcu102_base_202410_1.xpfm;xilinx_zcu102_base_dfx_202410_1|/opt/Xilinx/Vitis/2024.1/base_platforms/xilinx_zcu102_base_dfx_202410_1/xilinx_zcu102_base_dfx_202410_1.xpfm;xilinx_zcu104_base_202410_1|/opt/Xilinx/Vitis/2024.1/base_platforms/xilinx_zcu104_base_202410_1/xilinx_zcu104_base_202410_1.xpfm
19:41:06 INFO  : Checking for BSP changes to sync application flags for project 'MADC'...
19:41:08 INFO  : Checking for BSP changes to sync application flags for project 'MADC'...
19:47:02 INFO  : Hardware specification for platform project 'MADC_ARTY_Z7_wrapper' is updated.
19:47:12 INFO  : Result from executing command 'getProjects': MADC_ARTY_Z7_wrapper
19:47:12 INFO  : Result from executing command 'getPlatforms': MADC_ARTY_Z7_wrapper|/home/grzegorz/git/MADC_ARTY/Software/vitis/MADC_ARTY_Z7_wrapper/export/MADC_ARTY_Z7_wrapper/MADC_ARTY_Z7_wrapper.xpfm;xilinx_vck190_base_202410_1|/opt/Xilinx/Vitis/2024.1/base_platforms/xilinx_vck190_base_202410_1/xilinx_vck190_base_202410_1.xpfm;xilinx_vck190_base_dfx_202410_1|/opt/Xilinx/Vitis/2024.1/base_platforms/xilinx_vck190_base_dfx_202410_1/xilinx_vck190_base_dfx_202410_1.xpfm;xilinx_vek280_base_202410_1|/opt/Xilinx/Vitis/2024.1/base_platforms/xilinx_vek280_base_202410_1/xilinx_vek280_base_202410_1.xpfm;xilinx_vek280_base_bdc_202410_1|/opt/Xilinx/Vitis/2024.1/base_platforms/xilinx_vek280_base_bdc_202410_1/xilinx_vek280_base_bdc_202410_1.xpfm;xilinx_vmk180_base_202410_1|/opt/Xilinx/Vitis/2024.1/base_platforms/xilinx_vmk180_base_202410_1/xilinx_vmk180_base_202410_1.xpfm;xilinx_zcu102_base_202410_1|/opt/Xilinx/Vitis/2024.1/base_platforms/xilinx_zcu102_base_202410_1/xilinx_zcu102_base_202410_1.xpfm;xilinx_zcu102_base_dfx_202410_1|/opt/Xilinx/Vitis/2024.1/base_platforms/xilinx_zcu102_base_dfx_202410_1/xilinx_zcu102_base_dfx_202410_1.xpfm;xilinx_zcu104_base_202410_1|/opt/Xilinx/Vitis/2024.1/base_platforms/xilinx_zcu104_base_202410_1/xilinx_zcu104_base_202410_1.xpfm
19:47:31 INFO  : Checking for BSP changes to sync application flags for project 'MADC'...
19:47:34 INFO  : The hardware specification used by project 'MADC' is out of sync with the platform. Resource files extracted from the hardware specification will be updated.
19:47:34 INFO  : The file '/home/grzegorz/git/MADC_ARTY/Software/vitis/MADC/_ide/bitstream/MADC_ARTY_Z7_wrapper.bit' stored in project is removed.
19:47:34 INFO  : The updated bitstream files are copied from platform to folder '/home/grzegorz/git/MADC_ARTY/Software/vitis/MADC/_ide/bitstream' in project 'MADC'.
19:47:34 INFO  : The file '/home/grzegorz/git/MADC_ARTY/Software/vitis/MADC/_ide/psinit/ps7_init.tcl' stored in project is removed.
19:47:40 INFO  : The updated ps init files are copied from platform to folder '/home/grzegorz/git/MADC_ARTY/Software/vitis/MADC/_ide/psinit' in project 'MADC'.
19:48:27 INFO  : XRT server has started successfully on port '4351'
19:48:27 INFO  : Connected to target on host '127.0.0.1' and port '3121'.
19:48:28 INFO  : Jtag cable 'Digilent Arty Z7 003017B7ED73A' is selected.
19:48:28 INFO  : 'jtag frequency' command is executed.
19:48:28 INFO  : Context for 'APU' is selected.
19:48:28 INFO  : System reset is completed.
19:48:31 INFO  : 'after 3000' command is executed.
19:48:31 INFO  : 'targets -set -filter {jtag_cable_name =~ "Digilent Arty Z7 003017B7ED73A" && level==0 && jtag_device_ctx=="jsn-Arty Z7-003017B7ED73A-13722093-0"}' command is executed.
19:48:32 INFO  : Device configured successfully with "/home/grzegorz/git/MADC_ARTY/Software/vitis/MADC/_ide/bitstream/MADC_ARTY_Z7_wrapper.bit"
19:48:32 INFO  : Context for 'APU' is selected.
19:48:32 INFO  : Hardware design and registers information is loaded from '/home/grzegorz/git/MADC_ARTY/Software/vitis/MADC_ARTY_Z7_wrapper/export/MADC_ARTY_Z7_wrapper/hw/MADC_ARTY_Z7_wrapper.xsa'.
19:48:32 INFO  : 'configparams force-mem-access 1' command is executed.
19:48:32 INFO  : Context for 'APU' is selected.
19:48:32 INFO  : Sourcing of '/home/grzegorz/git/MADC_ARTY/Software/vitis/MADC/_ide/psinit/ps7_init.tcl' is done.
19:48:33 INFO  : 'ps7_init' command is executed.
19:48:33 INFO  : 'ps7_post_config' command is executed.
19:48:33 INFO  : Context for processor 'ps7_cortexa9_0' is selected.
19:48:33 INFO  : The application '/home/grzegorz/git/MADC_ARTY/Software/vitis/MADC/Debug/MADC.elf' is downloaded to processor 'ps7_cortexa9_0'.
19:48:33 INFO  : 'configparams force-mem-access 0' command is executed.
19:48:33 INFO  : ----------------XSDB Script----------------
connect -url tcp:127.0.0.1:3121
targets -set -nocase -filter {name =~"APU*"}
rst -system
after 3000
targets -set -filter {jtag_cable_name =~ "Digilent Arty Z7 003017B7ED73A" && level==0 && jtag_device_ctx=="jsn-Arty Z7-003017B7ED73A-13722093-0"}
fpga -file /home/grzegorz/git/MADC_ARTY/Software/vitis/MADC/_ide/bitstream/MADC_ARTY_Z7_wrapper.bit
targets -set -nocase -filter {name =~"APU*"}
loadhw -hw /home/grzegorz/git/MADC_ARTY/Software/vitis/MADC_ARTY_Z7_wrapper/export/MADC_ARTY_Z7_wrapper/hw/MADC_ARTY_Z7_wrapper.xsa -mem-ranges [list {0x40000000 0xbfffffff}] -regs
configparams force-mem-access 1
targets -set -nocase -filter {name =~"APU*"}
source /home/grzegorz/git/MADC_ARTY/Software/vitis/MADC/_ide/psinit/ps7_init.tcl
ps7_init
ps7_post_config
targets -set -nocase -filter {name =~ "*A9*#0"}
dow /home/grzegorz/git/MADC_ARTY/Software/vitis/MADC/Debug/MADC.elf
configparams force-mem-access 0
----------------End of Script----------------

19:48:33 INFO  : Context for processor 'ps7_cortexa9_0' is selected.
19:48:33 INFO  : 'con' command is executed.
19:48:33 INFO  : ----------------XSDB Script (After Launch)----------------
targets -set -nocase -filter {name =~ "*A9*#0"}
con
----------------End of Script----------------

19:48:33 INFO  : Launch script is exported to file '/home/grzegorz/git/MADC_ARTY/Software/vitis/MADC_system/_ide/scripts/systemdebugger_madc_system_standalone.tcl'
20:00:06 INFO  : Disconnected from the channel tcfchan#9.
20:00:12 INFO  : Connected to target on host '127.0.0.1' and port '3121'.
20:00:12 INFO  : Jtag cable 'Digilent Arty Z7 003017B7ED73A' is selected.
20:00:12 INFO  : 'jtag frequency' command is executed.
20:00:12 INFO  : Context for 'APU' is selected.
20:00:12 INFO  : System reset is completed.
20:00:15 INFO  : 'after 3000' command is executed.
20:00:15 INFO  : 'targets -set -filter {jtag_cable_name =~ "Digilent Arty Z7 003017B7ED73A" && level==0 && jtag_device_ctx=="jsn-Arty Z7-003017B7ED73A-13722093-0"}' command is executed.
20:00:16 INFO  : Device configured successfully with "/home/grzegorz/git/MADC_ARTY/Software/vitis/MADC/_ide/bitstream/MADC_ARTY_Z7_wrapper.bit"
20:00:16 INFO  : Context for 'APU' is selected.
20:00:16 INFO  : Hardware design and registers information is loaded from '/home/grzegorz/git/MADC_ARTY/Software/vitis/MADC_ARTY_Z7_wrapper/export/MADC_ARTY_Z7_wrapper/hw/MADC_ARTY_Z7_wrapper.xsa'.
20:00:17 INFO  : 'configparams force-mem-access 1' command is executed.
20:00:17 INFO  : Context for 'APU' is selected.
20:00:17 INFO  : Sourcing of '/home/grzegorz/git/MADC_ARTY/Software/vitis/MADC/_ide/psinit/ps7_init.tcl' is done.
20:00:17 INFO  : 'ps7_init' command is executed.
20:00:17 INFO  : 'ps7_post_config' command is executed.
20:00:17 INFO  : Context for processor 'ps7_cortexa9_0' is selected.
20:00:17 INFO  : The application '/home/grzegorz/git/MADC_ARTY/Software/vitis/MADC/Debug/MADC.elf' is downloaded to processor 'ps7_cortexa9_0'.
20:00:17 INFO  : 'configparams force-mem-access 0' command is executed.
20:00:17 INFO  : ----------------XSDB Script----------------
connect -url tcp:127.0.0.1:3121
targets -set -nocase -filter {name =~"APU*"}
rst -system
after 3000
targets -set -filter {jtag_cable_name =~ "Digilent Arty Z7 003017B7ED73A" && level==0 && jtag_device_ctx=="jsn-Arty Z7-003017B7ED73A-13722093-0"}
fpga -file /home/grzegorz/git/MADC_ARTY/Software/vitis/MADC/_ide/bitstream/MADC_ARTY_Z7_wrapper.bit
targets -set -nocase -filter {name =~"APU*"}
loadhw -hw /home/grzegorz/git/MADC_ARTY/Software/vitis/MADC_ARTY_Z7_wrapper/export/MADC_ARTY_Z7_wrapper/hw/MADC_ARTY_Z7_wrapper.xsa -mem-ranges [list {0x40000000 0xbfffffff}] -regs
configparams force-mem-access 1
targets -set -nocase -filter {name =~"APU*"}
source /home/grzegorz/git/MADC_ARTY/Software/vitis/MADC/_ide/psinit/ps7_init.tcl
ps7_init
ps7_post_config
targets -set -nocase -filter {name =~ "*A9*#0"}
dow /home/grzegorz/git/MADC_ARTY/Software/vitis/MADC/Debug/MADC.elf
configparams force-mem-access 0
----------------End of Script----------------

20:00:17 INFO  : Context for processor 'ps7_cortexa9_0' is selected.
20:00:17 INFO  : 'con' command is executed.
20:00:17 INFO  : ----------------XSDB Script (After Launch)----------------
targets -set -nocase -filter {name =~ "*A9*#0"}
con
----------------End of Script----------------

20:00:17 INFO  : Launch script is exported to file '/home/grzegorz/git/MADC_ARTY/Software/vitis/MADC_system/_ide/scripts/systemdebugger_madc_system_standalone.tcl'
20:00:33 INFO  : Disconnected from the channel tcfchan#10.
20:00:43 INFO  : Connected to target on host '127.0.0.1' and port '3121'.
20:00:43 INFO  : Jtag cable 'Digilent Arty Z7 003017B7ED73A' is selected.
20:00:43 INFO  : 'jtag frequency' command is executed.
20:00:43 INFO  : Context for 'APU' is selected.
20:00:43 INFO  : System reset is completed.
20:00:46 INFO  : 'after 3000' command is executed.
20:00:47 INFO  : 'targets -set -filter {jtag_cable_name =~ "Digilent Arty Z7 003017B7ED73A" && level==0 && jtag_device_ctx=="jsn-Arty Z7-003017B7ED73A-13722093-0"}' command is executed.
20:00:48 INFO  : Device configured successfully with "/home/grzegorz/git/MADC_ARTY/Software/vitis/MADC/_ide/bitstream/MADC_ARTY_Z7_wrapper.bit"
20:00:48 INFO  : Context for 'APU' is selected.
20:00:48 INFO  : Hardware design and registers information is loaded from '/home/grzegorz/git/MADC_ARTY/Software/vitis/MADC_ARTY_Z7_wrapper/export/MADC_ARTY_Z7_wrapper/hw/MADC_ARTY_Z7_wrapper.xsa'.
20:00:48 INFO  : 'configparams force-mem-access 1' command is executed.
20:00:48 INFO  : Context for 'APU' is selected.
20:00:48 INFO  : Sourcing of '/home/grzegorz/git/MADC_ARTY/Software/vitis/MADC/_ide/psinit/ps7_init.tcl' is done.
20:00:48 INFO  : 'ps7_init' command is executed.
20:00:48 INFO  : 'ps7_post_config' command is executed.
20:00:48 INFO  : Context for processor 'ps7_cortexa9_0' is selected.
20:00:48 INFO  : The application '/home/grzegorz/git/MADC_ARTY/Software/vitis/MADC/Debug/MADC.elf' is downloaded to processor 'ps7_cortexa9_0'.
20:00:48 INFO  : 'configparams force-mem-access 0' command is executed.
20:00:48 INFO  : ----------------XSDB Script----------------
connect -url tcp:127.0.0.1:3121
targets -set -nocase -filter {name =~"APU*"}
rst -system
after 3000
targets -set -filter {jtag_cable_name =~ "Digilent Arty Z7 003017B7ED73A" && level==0 && jtag_device_ctx=="jsn-Arty Z7-003017B7ED73A-13722093-0"}
fpga -file /home/grzegorz/git/MADC_ARTY/Software/vitis/MADC/_ide/bitstream/MADC_ARTY_Z7_wrapper.bit
targets -set -nocase -filter {name =~"APU*"}
loadhw -hw /home/grzegorz/git/MADC_ARTY/Software/vitis/MADC_ARTY_Z7_wrapper/export/MADC_ARTY_Z7_wrapper/hw/MADC_ARTY_Z7_wrapper.xsa -mem-ranges [list {0x40000000 0xbfffffff}] -regs
configparams force-mem-access 1
targets -set -nocase -filter {name =~"APU*"}
source /home/grzegorz/git/MADC_ARTY/Software/vitis/MADC/_ide/psinit/ps7_init.tcl
ps7_init
ps7_post_config
targets -set -nocase -filter {name =~ "*A9*#0"}
dow /home/grzegorz/git/MADC_ARTY/Software/vitis/MADC/Debug/MADC.elf
configparams force-mem-access 0
----------------End of Script----------------

20:00:48 INFO  : Context for processor 'ps7_cortexa9_0' is selected.
20:00:48 INFO  : 'con' command is executed.
20:00:48 INFO  : ----------------XSDB Script (After Launch)----------------
targets -set -nocase -filter {name =~ "*A9*#0"}
con
----------------End of Script----------------

20:00:48 INFO  : Launch script is exported to file '/home/grzegorz/git/MADC_ARTY/Software/vitis/MADC_system/_ide/scripts/systemdebugger_madc_system_standalone.tcl'
20:02:20 INFO  : Disconnected from the channel tcfchan#11.
20:28:42 INFO  : Hardware specification for platform project 'MADC_ARTY_Z7_wrapper' is updated.
20:28:50 INFO  : Result from executing command 'getProjects': MADC_ARTY_Z7_wrapper
20:28:50 INFO  : Result from executing command 'getPlatforms': MADC_ARTY_Z7_wrapper|/home/grzegorz/git/MADC_ARTY/Software/vitis/MADC_ARTY_Z7_wrapper/export/MADC_ARTY_Z7_wrapper/MADC_ARTY_Z7_wrapper.xpfm;xilinx_vck190_base_202410_1|/opt/Xilinx/Vitis/2024.1/base_platforms/xilinx_vck190_base_202410_1/xilinx_vck190_base_202410_1.xpfm;xilinx_vck190_base_dfx_202410_1|/opt/Xilinx/Vitis/2024.1/base_platforms/xilinx_vck190_base_dfx_202410_1/xilinx_vck190_base_dfx_202410_1.xpfm;xilinx_vek280_base_202410_1|/opt/Xilinx/Vitis/2024.1/base_platforms/xilinx_vek280_base_202410_1/xilinx_vek280_base_202410_1.xpfm;xilinx_vek280_base_bdc_202410_1|/opt/Xilinx/Vitis/2024.1/base_platforms/xilinx_vek280_base_bdc_202410_1/xilinx_vek280_base_bdc_202410_1.xpfm;xilinx_vmk180_base_202410_1|/opt/Xilinx/Vitis/2024.1/base_platforms/xilinx_vmk180_base_202410_1/xilinx_vmk180_base_202410_1.xpfm;xilinx_zcu102_base_202410_1|/opt/Xilinx/Vitis/2024.1/base_platforms/xilinx_zcu102_base_202410_1/xilinx_zcu102_base_202410_1.xpfm;xilinx_zcu102_base_dfx_202410_1|/opt/Xilinx/Vitis/2024.1/base_platforms/xilinx_zcu102_base_dfx_202410_1/xilinx_zcu102_base_dfx_202410_1.xpfm;xilinx_zcu104_base_202410_1|/opt/Xilinx/Vitis/2024.1/base_platforms/xilinx_zcu104_base_202410_1/xilinx_zcu104_base_202410_1.xpfm
20:29:07 INFO  : Checking for BSP changes to sync application flags for project 'MADC'...
20:29:10 INFO  : The hardware specification used by project 'MADC' is out of sync with the platform. Resource files extracted from the hardware specification will be updated.
20:29:10 INFO  : The file '/home/grzegorz/git/MADC_ARTY/Software/vitis/MADC/_ide/bitstream/MADC_ARTY_Z7_wrapper.bit' stored in project is removed.
20:29:10 INFO  : The updated bitstream files are copied from platform to folder '/home/grzegorz/git/MADC_ARTY/Software/vitis/MADC/_ide/bitstream' in project 'MADC'.
20:29:10 INFO  : The file '/home/grzegorz/git/MADC_ARTY/Software/vitis/MADC/_ide/psinit/ps7_init.tcl' stored in project is removed.
20:29:15 INFO  : The updated ps init files are copied from platform to folder '/home/grzegorz/git/MADC_ARTY/Software/vitis/MADC/_ide/psinit' in project 'MADC'.
20:29:25 INFO  : Connected to target on host '127.0.0.1' and port '3121'.
20:29:25 INFO  : Jtag cable 'Digilent Arty Z7 003017B7ED73A' is selected.
20:29:25 INFO  : 'jtag frequency' command is executed.
20:29:25 INFO  : Context for 'APU' is selected.
20:29:25 INFO  : System reset is completed.
20:29:28 INFO  : 'after 3000' command is executed.
20:29:28 INFO  : 'targets -set -filter {jtag_cable_name =~ "Digilent Arty Z7 003017B7ED73A" && level==0 && jtag_device_ctx=="jsn-Arty Z7-003017B7ED73A-13722093-0"}' command is executed.
20:29:29 INFO  : Device configured successfully with "/home/grzegorz/git/MADC_ARTY/Software/vitis/MADC/_ide/bitstream/MADC_ARTY_Z7_wrapper.bit"
20:29:29 INFO  : Context for 'APU' is selected.
20:29:29 INFO  : Hardware design and registers information is loaded from '/home/grzegorz/git/MADC_ARTY/Software/vitis/MADC_ARTY_Z7_wrapper/export/MADC_ARTY_Z7_wrapper/hw/MADC_ARTY_Z7_wrapper.xsa'.
20:29:29 INFO  : 'configparams force-mem-access 1' command is executed.
20:29:29 INFO  : Context for 'APU' is selected.
20:29:29 INFO  : Sourcing of '/home/grzegorz/git/MADC_ARTY/Software/vitis/MADC/_ide/psinit/ps7_init.tcl' is done.
20:29:30 INFO  : 'ps7_init' command is executed.
20:29:30 INFO  : 'ps7_post_config' command is executed.
20:29:30 INFO  : Context for processor 'ps7_cortexa9_0' is selected.
20:29:30 INFO  : The application '/home/grzegorz/git/MADC_ARTY/Software/vitis/MADC/Debug/MADC.elf' is downloaded to processor 'ps7_cortexa9_0'.
20:29:30 INFO  : 'configparams force-mem-access 0' command is executed.
20:29:30 INFO  : ----------------XSDB Script----------------
connect -url tcp:127.0.0.1:3121
targets -set -nocase -filter {name =~"APU*"}
rst -system
after 3000
targets -set -filter {jtag_cable_name =~ "Digilent Arty Z7 003017B7ED73A" && level==0 && jtag_device_ctx=="jsn-Arty Z7-003017B7ED73A-13722093-0"}
fpga -file /home/grzegorz/git/MADC_ARTY/Software/vitis/MADC/_ide/bitstream/MADC_ARTY_Z7_wrapper.bit
targets -set -nocase -filter {name =~"APU*"}
loadhw -hw /home/grzegorz/git/MADC_ARTY/Software/vitis/MADC_ARTY_Z7_wrapper/export/MADC_ARTY_Z7_wrapper/hw/MADC_ARTY_Z7_wrapper.xsa -mem-ranges [list {0x40000000 0xbfffffff}] -regs
configparams force-mem-access 1
targets -set -nocase -filter {name =~"APU*"}
source /home/grzegorz/git/MADC_ARTY/Software/vitis/MADC/_ide/psinit/ps7_init.tcl
ps7_init
ps7_post_config
targets -set -nocase -filter {name =~ "*A9*#0"}
dow /home/grzegorz/git/MADC_ARTY/Software/vitis/MADC/Debug/MADC.elf
configparams force-mem-access 0
----------------End of Script----------------

20:29:30 INFO  : Context for processor 'ps7_cortexa9_0' is selected.
20:29:30 INFO  : 'con' command is executed.
20:29:30 INFO  : ----------------XSDB Script (After Launch)----------------
targets -set -nocase -filter {name =~ "*A9*#0"}
con
----------------End of Script----------------

20:29:30 INFO  : Launch script is exported to file '/home/grzegorz/git/MADC_ARTY/Software/vitis/MADC_system/_ide/scripts/systemdebugger_madc_system_standalone.tcl'
20:45:06 INFO  : Hardware specification for platform project 'MADC_ARTY_Z7_wrapper' is updated.
20:45:16 INFO  : Result from executing command 'getProjects': MADC_ARTY_Z7_wrapper
20:45:16 INFO  : Result from executing command 'getPlatforms': MADC_ARTY_Z7_wrapper|/home/grzegorz/git/MADC_ARTY/Software/vitis/MADC_ARTY_Z7_wrapper/export/MADC_ARTY_Z7_wrapper/MADC_ARTY_Z7_wrapper.xpfm;xilinx_vck190_base_202410_1|/opt/Xilinx/Vitis/2024.1/base_platforms/xilinx_vck190_base_202410_1/xilinx_vck190_base_202410_1.xpfm;xilinx_vck190_base_dfx_202410_1|/opt/Xilinx/Vitis/2024.1/base_platforms/xilinx_vck190_base_dfx_202410_1/xilinx_vck190_base_dfx_202410_1.xpfm;xilinx_vek280_base_202410_1|/opt/Xilinx/Vitis/2024.1/base_platforms/xilinx_vek280_base_202410_1/xilinx_vek280_base_202410_1.xpfm;xilinx_vek280_base_bdc_202410_1|/opt/Xilinx/Vitis/2024.1/base_platforms/xilinx_vek280_base_bdc_202410_1/xilinx_vek280_base_bdc_202410_1.xpfm;xilinx_vmk180_base_202410_1|/opt/Xilinx/Vitis/2024.1/base_platforms/xilinx_vmk180_base_202410_1/xilinx_vmk180_base_202410_1.xpfm;xilinx_zcu102_base_202410_1|/opt/Xilinx/Vitis/2024.1/base_platforms/xilinx_zcu102_base_202410_1/xilinx_zcu102_base_202410_1.xpfm;xilinx_zcu102_base_dfx_202410_1|/opt/Xilinx/Vitis/2024.1/base_platforms/xilinx_zcu102_base_dfx_202410_1/xilinx_zcu102_base_dfx_202410_1.xpfm;xilinx_zcu104_base_202410_1|/opt/Xilinx/Vitis/2024.1/base_platforms/xilinx_zcu104_base_202410_1/xilinx_zcu104_base_202410_1.xpfm
20:45:26 INFO  : Checking for BSP changes to sync application flags for project 'MADC'...
20:45:29 INFO  : The hardware specification used by project 'MADC' is out of sync with the platform. Resource files extracted from the hardware specification will be updated.
20:45:29 INFO  : The file '/home/grzegorz/git/MADC_ARTY/Software/vitis/MADC/_ide/bitstream/MADC_ARTY_Z7_wrapper.bit' stored in project is removed.
20:45:29 INFO  : The updated bitstream files are copied from platform to folder '/home/grzegorz/git/MADC_ARTY/Software/vitis/MADC/_ide/bitstream' in project 'MADC'.
20:45:29 INFO  : The file '/home/grzegorz/git/MADC_ARTY/Software/vitis/MADC/_ide/psinit/ps7_init.tcl' stored in project is removed.
20:45:34 INFO  : The updated ps init files are copied from platform to folder '/home/grzegorz/git/MADC_ARTY/Software/vitis/MADC/_ide/psinit' in project 'MADC'.
20:45:45 INFO  : Disconnected from the channel tcfchan#14.
20:45:46 INFO  : Connected to target on host '127.0.0.1' and port '3121'.
20:45:46 INFO  : Jtag cable 'Digilent Arty Z7 003017B7ED73A' is selected.
20:45:46 INFO  : 'jtag frequency' command is executed.
20:45:46 INFO  : Context for 'APU' is selected.
20:45:46 INFO  : System reset is completed.
20:45:49 INFO  : 'after 3000' command is executed.
20:45:49 INFO  : 'targets -set -filter {jtag_cable_name =~ "Digilent Arty Z7 003017B7ED73A" && level==0 && jtag_device_ctx=="jsn-Arty Z7-003017B7ED73A-13722093-0"}' command is executed.
20:45:50 INFO  : Device configured successfully with "/home/grzegorz/git/MADC_ARTY/Software/vitis/MADC/_ide/bitstream/MADC_ARTY_Z7_wrapper.bit"
20:45:50 INFO  : Context for 'APU' is selected.
20:45:50 INFO  : Hardware design and registers information is loaded from '/home/grzegorz/git/MADC_ARTY/Software/vitis/MADC_ARTY_Z7_wrapper/export/MADC_ARTY_Z7_wrapper/hw/MADC_ARTY_Z7_wrapper.xsa'.
20:45:50 INFO  : 'configparams force-mem-access 1' command is executed.
20:45:50 INFO  : Context for 'APU' is selected.
20:45:50 INFO  : Sourcing of '/home/grzegorz/git/MADC_ARTY/Software/vitis/MADC/_ide/psinit/ps7_init.tcl' is done.
20:45:50 INFO  : 'ps7_init' command is executed.
20:45:50 INFO  : 'ps7_post_config' command is executed.
20:45:50 INFO  : Context for processor 'ps7_cortexa9_0' is selected.
20:45:50 INFO  : The application '/home/grzegorz/git/MADC_ARTY/Software/vitis/MADC/Debug/MADC.elf' is downloaded to processor 'ps7_cortexa9_0'.
20:45:50 INFO  : 'configparams force-mem-access 0' command is executed.
20:45:50 INFO  : ----------------XSDB Script----------------
connect -url tcp:127.0.0.1:3121
targets -set -nocase -filter {name =~"APU*"}
rst -system
after 3000
targets -set -filter {jtag_cable_name =~ "Digilent Arty Z7 003017B7ED73A" && level==0 && jtag_device_ctx=="jsn-Arty Z7-003017B7ED73A-13722093-0"}
fpga -file /home/grzegorz/git/MADC_ARTY/Software/vitis/MADC/_ide/bitstream/MADC_ARTY_Z7_wrapper.bit
targets -set -nocase -filter {name =~"APU*"}
loadhw -hw /home/grzegorz/git/MADC_ARTY/Software/vitis/MADC_ARTY_Z7_wrapper/export/MADC_ARTY_Z7_wrapper/hw/MADC_ARTY_Z7_wrapper.xsa -mem-ranges [list {0x40000000 0xbfffffff}] -regs
configparams force-mem-access 1
targets -set -nocase -filter {name =~"APU*"}
source /home/grzegorz/git/MADC_ARTY/Software/vitis/MADC/_ide/psinit/ps7_init.tcl
ps7_init
ps7_post_config
targets -set -nocase -filter {name =~ "*A9*#0"}
dow /home/grzegorz/git/MADC_ARTY/Software/vitis/MADC/Debug/MADC.elf
configparams force-mem-access 0
----------------End of Script----------------

20:45:50 INFO  : Context for processor 'ps7_cortexa9_0' is selected.
20:45:50 INFO  : 'con' command is executed.
20:45:50 INFO  : ----------------XSDB Script (After Launch)----------------
targets -set -nocase -filter {name =~ "*A9*#0"}
con
----------------End of Script----------------

20:45:50 INFO  : Launch script is exported to file '/home/grzegorz/git/MADC_ARTY/Software/vitis/MADC_system/_ide/scripts/systemdebugger_madc_system_standalone.tcl'
20:45:56 INFO  : Disconnected from the channel tcfchan#17.
20:46:47 INFO  : Connected to target on host '127.0.0.1' and port '3121'.
20:46:47 INFO  : Jtag cable 'Digilent Arty Z7 003017B7ED73A' is selected.
20:46:47 INFO  : 'jtag frequency' command is executed.
20:46:47 INFO  : Context for 'APU' is selected.
20:46:47 INFO  : System reset is completed.
20:46:50 INFO  : 'after 3000' command is executed.
20:46:50 INFO  : 'targets -set -filter {jtag_cable_name =~ "Digilent Arty Z7 003017B7ED73A" && level==0 && jtag_device_ctx=="jsn-Arty Z7-003017B7ED73A-13722093-0"}' command is executed.
20:46:51 INFO  : Device configured successfully with "/home/grzegorz/git/MADC_ARTY/Software/vitis/MADC/_ide/bitstream/MADC_ARTY_Z7_wrapper.bit"
20:46:51 INFO  : Context for 'APU' is selected.
20:46:51 INFO  : Hardware design and registers information is loaded from '/home/grzegorz/git/MADC_ARTY/Software/vitis/MADC_ARTY_Z7_wrapper/export/MADC_ARTY_Z7_wrapper/hw/MADC_ARTY_Z7_wrapper.xsa'.
20:46:51 INFO  : 'configparams force-mem-access 1' command is executed.
20:46:51 INFO  : Context for 'APU' is selected.
20:46:51 INFO  : Sourcing of '/home/grzegorz/git/MADC_ARTY/Software/vitis/MADC/_ide/psinit/ps7_init.tcl' is done.
20:46:52 INFO  : 'ps7_init' command is executed.
20:46:52 INFO  : 'ps7_post_config' command is executed.
20:46:52 INFO  : Context for processor 'ps7_cortexa9_0' is selected.
20:46:52 INFO  : The application '/home/grzegorz/git/MADC_ARTY/Software/vitis/MADC/Debug/MADC.elf' is downloaded to processor 'ps7_cortexa9_0'.
20:46:52 INFO  : 'configparams force-mem-access 0' command is executed.
20:46:52 INFO  : ----------------XSDB Script----------------
connect -url tcp:127.0.0.1:3121
targets -set -nocase -filter {name =~"APU*"}
rst -system
after 3000
targets -set -filter {jtag_cable_name =~ "Digilent Arty Z7 003017B7ED73A" && level==0 && jtag_device_ctx=="jsn-Arty Z7-003017B7ED73A-13722093-0"}
fpga -file /home/grzegorz/git/MADC_ARTY/Software/vitis/MADC/_ide/bitstream/MADC_ARTY_Z7_wrapper.bit
targets -set -nocase -filter {name =~"APU*"}
loadhw -hw /home/grzegorz/git/MADC_ARTY/Software/vitis/MADC_ARTY_Z7_wrapper/export/MADC_ARTY_Z7_wrapper/hw/MADC_ARTY_Z7_wrapper.xsa -mem-ranges [list {0x40000000 0xbfffffff}] -regs
configparams force-mem-access 1
targets -set -nocase -filter {name =~"APU*"}
source /home/grzegorz/git/MADC_ARTY/Software/vitis/MADC/_ide/psinit/ps7_init.tcl
ps7_init
ps7_post_config
targets -set -nocase -filter {name =~ "*A9*#0"}
dow /home/grzegorz/git/MADC_ARTY/Software/vitis/MADC/Debug/MADC.elf
configparams force-mem-access 0
----------------End of Script----------------

20:46:52 INFO  : Context for processor 'ps7_cortexa9_0' is selected.
20:46:52 INFO  : 'con' command is executed.
20:46:52 INFO  : ----------------XSDB Script (After Launch)----------------
targets -set -nocase -filter {name =~ "*A9*#0"}
con
----------------End of Script----------------

20:46:52 INFO  : Launch script is exported to file '/home/grzegorz/git/MADC_ARTY/Software/vitis/MADC_system/_ide/scripts/systemdebugger_madc_system_standalone.tcl'
20:56:22 INFO  : Disconnected from the channel tcfchan#18.
20:56:34 INFO  : Hardware specification for platform project 'MADC_ARTY_Z7_wrapper' is updated.
20:56:42 INFO  : Result from executing command 'getProjects': MADC_ARTY_Z7_wrapper
20:56:42 INFO  : Result from executing command 'getPlatforms': MADC_ARTY_Z7_wrapper|/home/grzegorz/git/MADC_ARTY/Software/vitis/MADC_ARTY_Z7_wrapper/export/MADC_ARTY_Z7_wrapper/MADC_ARTY_Z7_wrapper.xpfm;xilinx_vck190_base_202410_1|/opt/Xilinx/Vitis/2024.1/base_platforms/xilinx_vck190_base_202410_1/xilinx_vck190_base_202410_1.xpfm;xilinx_vck190_base_dfx_202410_1|/opt/Xilinx/Vitis/2024.1/base_platforms/xilinx_vck190_base_dfx_202410_1/xilinx_vck190_base_dfx_202410_1.xpfm;xilinx_vek280_base_202410_1|/opt/Xilinx/Vitis/2024.1/base_platforms/xilinx_vek280_base_202410_1/xilinx_vek280_base_202410_1.xpfm;xilinx_vek280_base_bdc_202410_1|/opt/Xilinx/Vitis/2024.1/base_platforms/xilinx_vek280_base_bdc_202410_1/xilinx_vek280_base_bdc_202410_1.xpfm;xilinx_vmk180_base_202410_1|/opt/Xilinx/Vitis/2024.1/base_platforms/xilinx_vmk180_base_202410_1/xilinx_vmk180_base_202410_1.xpfm;xilinx_zcu102_base_202410_1|/opt/Xilinx/Vitis/2024.1/base_platforms/xilinx_zcu102_base_202410_1/xilinx_zcu102_base_202410_1.xpfm;xilinx_zcu102_base_dfx_202410_1|/opt/Xilinx/Vitis/2024.1/base_platforms/xilinx_zcu102_base_dfx_202410_1/xilinx_zcu102_base_dfx_202410_1.xpfm;xilinx_zcu104_base_202410_1|/opt/Xilinx/Vitis/2024.1/base_platforms/xilinx_zcu104_base_202410_1/xilinx_zcu104_base_202410_1.xpfm
20:56:54 INFO  : Checking for BSP changes to sync application flags for project 'MADC'...
20:56:57 INFO  : The hardware specification used by project 'MADC' is out of sync with the platform. Resource files extracted from the hardware specification will be updated.
20:56:57 INFO  : The file '/home/grzegorz/git/MADC_ARTY/Software/vitis/MADC/_ide/bitstream/MADC_ARTY_Z7_wrapper.bit' stored in project is removed.
20:56:57 INFO  : The updated bitstream files are copied from platform to folder '/home/grzegorz/git/MADC_ARTY/Software/vitis/MADC/_ide/bitstream' in project 'MADC'.
20:56:57 INFO  : The file '/home/grzegorz/git/MADC_ARTY/Software/vitis/MADC/_ide/psinit/ps7_init.tcl' stored in project is removed.
20:57:02 INFO  : The updated ps init files are copied from platform to folder '/home/grzegorz/git/MADC_ARTY/Software/vitis/MADC/_ide/psinit' in project 'MADC'.
20:57:11 INFO  : Connected to target on host '127.0.0.1' and port '3121'.
20:57:11 INFO  : Jtag cable 'Digilent Arty Z7 003017B7ED73A' is selected.
20:57:11 INFO  : 'jtag frequency' command is executed.
20:57:11 INFO  : Context for 'APU' is selected.
20:57:11 INFO  : System reset is completed.
20:57:14 INFO  : 'after 3000' command is executed.
20:57:14 INFO  : 'targets -set -filter {jtag_cable_name =~ "Digilent Arty Z7 003017B7ED73A" && level==0 && jtag_device_ctx=="jsn-Arty Z7-003017B7ED73A-13722093-0"}' command is executed.
20:57:15 INFO  : Device configured successfully with "/home/grzegorz/git/MADC_ARTY/Software/vitis/MADC/_ide/bitstream/MADC_ARTY_Z7_wrapper.bit"
20:57:15 INFO  : Context for 'APU' is selected.
20:57:15 INFO  : Hardware design and registers information is loaded from '/home/grzegorz/git/MADC_ARTY/Software/vitis/MADC_ARTY_Z7_wrapper/export/MADC_ARTY_Z7_wrapper/hw/MADC_ARTY_Z7_wrapper.xsa'.
20:57:15 INFO  : 'configparams force-mem-access 1' command is executed.
20:57:16 INFO  : Context for 'APU' is selected.
20:57:16 INFO  : Sourcing of '/home/grzegorz/git/MADC_ARTY/Software/vitis/MADC/_ide/psinit/ps7_init.tcl' is done.
20:57:16 INFO  : 'ps7_init' command is executed.
20:57:16 INFO  : 'ps7_post_config' command is executed.
20:57:16 INFO  : Context for processor 'ps7_cortexa9_0' is selected.
20:57:16 INFO  : The application '/home/grzegorz/git/MADC_ARTY/Software/vitis/MADC/Debug/MADC.elf' is downloaded to processor 'ps7_cortexa9_0'.
20:57:16 INFO  : 'configparams force-mem-access 0' command is executed.
20:57:16 INFO  : ----------------XSDB Script----------------
connect -url tcp:127.0.0.1:3121
targets -set -nocase -filter {name =~"APU*"}
rst -system
after 3000
targets -set -filter {jtag_cable_name =~ "Digilent Arty Z7 003017B7ED73A" && level==0 && jtag_device_ctx=="jsn-Arty Z7-003017B7ED73A-13722093-0"}
fpga -file /home/grzegorz/git/MADC_ARTY/Software/vitis/MADC/_ide/bitstream/MADC_ARTY_Z7_wrapper.bit
targets -set -nocase -filter {name =~"APU*"}
loadhw -hw /home/grzegorz/git/MADC_ARTY/Software/vitis/MADC_ARTY_Z7_wrapper/export/MADC_ARTY_Z7_wrapper/hw/MADC_ARTY_Z7_wrapper.xsa -mem-ranges [list {0x40000000 0xbfffffff}] -regs
configparams force-mem-access 1
targets -set -nocase -filter {name =~"APU*"}
source /home/grzegorz/git/MADC_ARTY/Software/vitis/MADC/_ide/psinit/ps7_init.tcl
ps7_init
ps7_post_config
targets -set -nocase -filter {name =~ "*A9*#0"}
dow /home/grzegorz/git/MADC_ARTY/Software/vitis/MADC/Debug/MADC.elf
configparams force-mem-access 0
----------------End of Script----------------

20:57:16 INFO  : Context for processor 'ps7_cortexa9_0' is selected.
20:57:16 INFO  : 'con' command is executed.
20:57:16 INFO  : ----------------XSDB Script (After Launch)----------------
targets -set -nocase -filter {name =~ "*A9*#0"}
con
----------------End of Script----------------

20:57:16 INFO  : Launch script is exported to file '/home/grzegorz/git/MADC_ARTY/Software/vitis/MADC_system/_ide/scripts/systemdebugger_madc_system_standalone.tcl'
22:49:19 INFO  : Disconnected from the channel tcfchan#21.
10:02:55 DEBUG : Logs will be stored at '/home/grzegorz/git/MADC_ARTY/Software/vitis/IDE.log'.
10:02:55 INFO  : Launching XSCT server: xsct -n  -interactive /home/grzegorz/git/MADC_ARTY/Software/vitis/temp_xsdb_launch_script.tcl
10:02:57 INFO  : XSCT server has started successfully.
10:02:57 INFO  : Successfully done setting XSCT server connection channel  
10:02:57 INFO  : plnx-install-location is set to ''
10:02:57 INFO  : Successfully done setting workspace for the tool. 
10:02:58 INFO  : Registering command handlers for Vitis TCF services
10:02:58 INFO  : Successfully done query RDI_DATADIR 
10:02:59 INFO  : Platform repository initialization has completed.
10:04:02 INFO  : Checking for BSP changes to sync application flags for project 'MADC'...
10:04:07 ERROR : (XSDB Server)ERROR: [Hsi 55-1571] The design file /home/grzegorz/git/MADC_ARTY/Software/vitis/MADC_ARTY_Z7_wrapper/export/MADC_ARTY_Z7_wrapper/hw/MADC_ARTY_Z7_wrapper.xsa is already opened

10:04:15 INFO  : XRT server has started successfully on port '4355'
10:04:16 INFO  : Connected to target on host '127.0.0.1' and port '3121'.
10:04:16 INFO  : Jtag cable 'Digilent Arty Z7 003017B7ED73A' is selected.
10:04:16 INFO  : 'jtag frequency' command is executed.
10:04:16 INFO  : Context for 'APU' is selected.
10:04:16 INFO  : System reset is completed.
10:04:19 INFO  : 'after 3000' command is executed.
10:04:19 INFO  : 'targets -set -filter {jtag_cable_name =~ "Digilent Arty Z7 003017B7ED73A" && level==0 && jtag_device_ctx=="jsn-Arty Z7-003017B7ED73A-13722093-0"}' command is executed.
10:04:20 INFO  : Device configured successfully with "/home/grzegorz/git/MADC_ARTY/Software/vitis/MADC/_ide/bitstream/MADC_ARTY_Z7_wrapper.bit"
10:04:20 INFO  : Context for 'APU' is selected.
10:04:20 INFO  : Hardware design and registers information is loaded from '/home/grzegorz/git/MADC_ARTY/Software/vitis/MADC_ARTY_Z7_wrapper/export/MADC_ARTY_Z7_wrapper/hw/MADC_ARTY_Z7_wrapper.xsa'.
10:04:20 INFO  : 'configparams force-mem-access 1' command is executed.
10:04:20 INFO  : Context for 'APU' is selected.
10:04:20 INFO  : Sourcing of '/home/grzegorz/git/MADC_ARTY/Software/vitis/MADC/_ide/psinit/ps7_init.tcl' is done.
10:04:21 INFO  : 'ps7_init' command is executed.
10:04:21 INFO  : 'ps7_post_config' command is executed.
10:04:21 INFO  : Context for processor 'ps7_cortexa9_0' is selected.
10:04:21 INFO  : The application '/home/grzegorz/git/MADC_ARTY/Software/vitis/MADC/Debug/MADC.elf' is downloaded to processor 'ps7_cortexa9_0'.
10:04:21 INFO  : 'configparams force-mem-access 0' command is executed.
10:04:21 INFO  : ----------------XSDB Script----------------
connect -url tcp:127.0.0.1:3121
targets -set -nocase -filter {name =~"APU*"}
rst -system
after 3000
targets -set -filter {jtag_cable_name =~ "Digilent Arty Z7 003017B7ED73A" && level==0 && jtag_device_ctx=="jsn-Arty Z7-003017B7ED73A-13722093-0"}
fpga -file /home/grzegorz/git/MADC_ARTY/Software/vitis/MADC/_ide/bitstream/MADC_ARTY_Z7_wrapper.bit
targets -set -nocase -filter {name =~"APU*"}
loadhw -hw /home/grzegorz/git/MADC_ARTY/Software/vitis/MADC_ARTY_Z7_wrapper/export/MADC_ARTY_Z7_wrapper/hw/MADC_ARTY_Z7_wrapper.xsa -mem-ranges [list {0x40000000 0xbfffffff}] -regs
configparams force-mem-access 1
targets -set -nocase -filter {name =~"APU*"}
source /home/grzegorz/git/MADC_ARTY/Software/vitis/MADC/_ide/psinit/ps7_init.tcl
ps7_init
ps7_post_config
targets -set -nocase -filter {name =~ "*A9*#0"}
dow /home/grzegorz/git/MADC_ARTY/Software/vitis/MADC/Debug/MADC.elf
configparams force-mem-access 0
----------------End of Script----------------

10:04:21 INFO  : Context for processor 'ps7_cortexa9_0' is selected.
10:04:21 INFO  : 'con' command is executed.
10:04:21 INFO  : ----------------XSDB Script (After Launch)----------------
targets -set -nocase -filter {name =~ "*A9*#0"}
con
----------------End of Script----------------

10:04:21 INFO  : Launch script is exported to file '/home/grzegorz/git/MADC_ARTY/Software/vitis/MADC_system/_ide/scripts/systemdebugger_madc_system_standalone.tcl'
10:04:38 INFO  : Disconnected from the channel tcfchan#2.
13:57:17 DEBUG : Logs will be stored at '/home/grzegorz/git/MADC_ARTY/Software/vitis/IDE.log'.
13:57:18 INFO  : Launching XSCT server: xsct -n  -interactive /home/grzegorz/git/MADC_ARTY/Software/vitis/temp_xsdb_launch_script.tcl
13:57:20 INFO  : XSCT server has started successfully.
13:57:20 INFO  : plnx-install-location is set to ''
13:57:20 INFO  : Successfully done setting XSCT server connection channel  
13:57:20 INFO  : Successfully done setting workspace for the tool. 
13:57:20 INFO  : Successfully done query RDI_DATADIR 
13:57:20 INFO  : Registering command handlers for Vitis TCF services
13:57:21 INFO  : Platform repository initialization has completed.
13:57:59 INFO  : Hardware specification for platform project 'MADC_ARTY_Z7_wrapper' is updated.
13:58:13 INFO  : Result from executing command 'getProjects': MADC_ARTY_Z7_wrapper
13:58:13 INFO  : Result from executing command 'getPlatforms': MADC_ARTY_Z7_wrapper|/home/grzegorz/git/MADC_ARTY/Software/vitis/MADC_ARTY_Z7_wrapper/export/MADC_ARTY_Z7_wrapper/MADC_ARTY_Z7_wrapper.xpfm;xilinx_vck190_base_202410_1|/opt/Xilinx/Vitis/2024.1/base_platforms/xilinx_vck190_base_202410_1/xilinx_vck190_base_202410_1.xpfm;xilinx_vck190_base_dfx_202410_1|/opt/Xilinx/Vitis/2024.1/base_platforms/xilinx_vck190_base_dfx_202410_1/xilinx_vck190_base_dfx_202410_1.xpfm;xilinx_vek280_base_202410_1|/opt/Xilinx/Vitis/2024.1/base_platforms/xilinx_vek280_base_202410_1/xilinx_vek280_base_202410_1.xpfm;xilinx_vek280_base_bdc_202410_1|/opt/Xilinx/Vitis/2024.1/base_platforms/xilinx_vek280_base_bdc_202410_1/xilinx_vek280_base_bdc_202410_1.xpfm;xilinx_vmk180_base_202410_1|/opt/Xilinx/Vitis/2024.1/base_platforms/xilinx_vmk180_base_202410_1/xilinx_vmk180_base_202410_1.xpfm;xilinx_zcu102_base_202410_1|/opt/Xilinx/Vitis/2024.1/base_platforms/xilinx_zcu102_base_202410_1/xilinx_zcu102_base_202410_1.xpfm;xilinx_zcu102_base_dfx_202410_1|/opt/Xilinx/Vitis/2024.1/base_platforms/xilinx_zcu102_base_dfx_202410_1/xilinx_zcu102_base_dfx_202410_1.xpfm;xilinx_zcu104_base_202410_1|/opt/Xilinx/Vitis/2024.1/base_platforms/xilinx_zcu104_base_202410_1/xilinx_zcu104_base_202410_1.xpfm
13:58:26 INFO  : Checking for BSP changes to sync application flags for project 'MADC'...
13:58:29 INFO  : The hardware specification used by project 'MADC' is out of sync with the platform. Resource files extracted from the hardware specification will be updated.
13:58:29 INFO  : The file '/home/grzegorz/git/MADC_ARTY/Software/vitis/MADC/_ide/bitstream/MADC_ARTY_Z7_wrapper.bit' stored in project is removed.
13:58:29 INFO  : The updated bitstream files are copied from platform to folder '/home/grzegorz/git/MADC_ARTY/Software/vitis/MADC/_ide/bitstream' in project 'MADC'.
13:58:29 INFO  : The file '/home/grzegorz/git/MADC_ARTY/Software/vitis/MADC/_ide/psinit/ps7_init.tcl' stored in project is removed.
13:58:34 INFO  : The updated ps init files are copied from platform to folder '/home/grzegorz/git/MADC_ARTY/Software/vitis/MADC/_ide/psinit' in project 'MADC'.
13:58:46 INFO  : XRT server has started successfully on port '4351'
13:58:46 INFO  : Connected to target on host '127.0.0.1' and port '3121'.
13:58:46 INFO  : Jtag cable 'Digilent Arty Z7 003017B7ED73A' is selected.
13:58:46 INFO  : 'jtag frequency' command is executed.
13:58:46 INFO  : Context for 'APU' is selected.
13:58:46 INFO  : System reset is completed.
13:58:49 INFO  : 'after 3000' command is executed.
13:58:50 INFO  : 'targets -set -filter {jtag_cable_name =~ "Digilent Arty Z7 003017B7ED73A" && level==0 && jtag_device_ctx=="jsn-Arty Z7-003017B7ED73A-13722093-0"}' command is executed.
13:58:51 INFO  : Device configured successfully with "/home/grzegorz/git/MADC_ARTY/Software/vitis/MADC/_ide/bitstream/MADC_ARTY_Z7_wrapper.bit"
13:58:51 INFO  : Context for 'APU' is selected.
13:58:51 INFO  : Hardware design and registers information is loaded from '/home/grzegorz/git/MADC_ARTY/Software/vitis/MADC_ARTY_Z7_wrapper/export/MADC_ARTY_Z7_wrapper/hw/MADC_ARTY_Z7_wrapper.xsa'.
13:58:51 INFO  : 'configparams force-mem-access 1' command is executed.
13:58:51 INFO  : Context for 'APU' is selected.
13:58:51 INFO  : Sourcing of '/home/grzegorz/git/MADC_ARTY/Software/vitis/MADC/_ide/psinit/ps7_init.tcl' is done.
13:58:51 INFO  : 'ps7_init' command is executed.
13:58:51 INFO  : 'ps7_post_config' command is executed.
13:58:51 INFO  : Context for processor 'ps7_cortexa9_0' is selected.
13:58:51 INFO  : The application '/home/grzegorz/git/MADC_ARTY/Software/vitis/MADC/Debug/MADC.elf' is downloaded to processor 'ps7_cortexa9_0'.
13:58:51 INFO  : 'configparams force-mem-access 0' command is executed.
13:58:51 INFO  : ----------------XSDB Script----------------
connect -url tcp:127.0.0.1:3121
targets -set -nocase -filter {name =~"APU*"}
rst -system
after 3000
targets -set -filter {jtag_cable_name =~ "Digilent Arty Z7 003017B7ED73A" && level==0 && jtag_device_ctx=="jsn-Arty Z7-003017B7ED73A-13722093-0"}
fpga -file /home/grzegorz/git/MADC_ARTY/Software/vitis/MADC/_ide/bitstream/MADC_ARTY_Z7_wrapper.bit
targets -set -nocase -filter {name =~"APU*"}
loadhw -hw /home/grzegorz/git/MADC_ARTY/Software/vitis/MADC_ARTY_Z7_wrapper/export/MADC_ARTY_Z7_wrapper/hw/MADC_ARTY_Z7_wrapper.xsa -mem-ranges [list {0x40000000 0xbfffffff}] -regs
configparams force-mem-access 1
targets -set -nocase -filter {name =~"APU*"}
source /home/grzegorz/git/MADC_ARTY/Software/vitis/MADC/_ide/psinit/ps7_init.tcl
ps7_init
ps7_post_config
targets -set -nocase -filter {name =~ "*A9*#0"}
dow /home/grzegorz/git/MADC_ARTY/Software/vitis/MADC/Debug/MADC.elf
configparams force-mem-access 0
----------------End of Script----------------

13:58:51 INFO  : Context for processor 'ps7_cortexa9_0' is selected.
13:58:51 INFO  : 'con' command is executed.
13:58:51 INFO  : ----------------XSDB Script (After Launch)----------------
targets -set -nocase -filter {name =~ "*A9*#0"}
con
----------------End of Script----------------

13:58:51 INFO  : Launch script is exported to file '/home/grzegorz/git/MADC_ARTY/Software/vitis/MADC_system/_ide/scripts/systemdebugger_madc_system_standalone.tcl'
13:59:27 INFO  : Disconnected from the channel tcfchan#3.
14:16:40 INFO  : Hardware specification for platform project 'MADC_ARTY_Z7_wrapper' is updated.
14:16:53 INFO  : Result from executing command 'getProjects': MADC_ARTY_Z7_wrapper
14:16:53 INFO  : Result from executing command 'getPlatforms': MADC_ARTY_Z7_wrapper|/home/grzegorz/git/MADC_ARTY/Software/vitis/MADC_ARTY_Z7_wrapper/export/MADC_ARTY_Z7_wrapper/MADC_ARTY_Z7_wrapper.xpfm;xilinx_vck190_base_202410_1|/opt/Xilinx/Vitis/2024.1/base_platforms/xilinx_vck190_base_202410_1/xilinx_vck190_base_202410_1.xpfm;xilinx_vck190_base_dfx_202410_1|/opt/Xilinx/Vitis/2024.1/base_platforms/xilinx_vck190_base_dfx_202410_1/xilinx_vck190_base_dfx_202410_1.xpfm;xilinx_vek280_base_202410_1|/opt/Xilinx/Vitis/2024.1/base_platforms/xilinx_vek280_base_202410_1/xilinx_vek280_base_202410_1.xpfm;xilinx_vek280_base_bdc_202410_1|/opt/Xilinx/Vitis/2024.1/base_platforms/xilinx_vek280_base_bdc_202410_1/xilinx_vek280_base_bdc_202410_1.xpfm;xilinx_vmk180_base_202410_1|/opt/Xilinx/Vitis/2024.1/base_platforms/xilinx_vmk180_base_202410_1/xilinx_vmk180_base_202410_1.xpfm;xilinx_zcu102_base_202410_1|/opt/Xilinx/Vitis/2024.1/base_platforms/xilinx_zcu102_base_202410_1/xilinx_zcu102_base_202410_1.xpfm;xilinx_zcu102_base_dfx_202410_1|/opt/Xilinx/Vitis/2024.1/base_platforms/xilinx_zcu102_base_dfx_202410_1/xilinx_zcu102_base_dfx_202410_1.xpfm;xilinx_zcu104_base_202410_1|/opt/Xilinx/Vitis/2024.1/base_platforms/xilinx_zcu104_base_202410_1/xilinx_zcu104_base_202410_1.xpfm
14:17:10 INFO  : Checking for BSP changes to sync application flags for project 'MADC'...
14:17:13 INFO  : The hardware specification used by project 'MADC' is out of sync with the platform. Resource files extracted from the hardware specification will be updated.
14:17:13 INFO  : The file '/home/grzegorz/git/MADC_ARTY/Software/vitis/MADC/_ide/bitstream/MADC_ARTY_Z7_wrapper.bit' stored in project is removed.
14:17:13 INFO  : The updated bitstream files are copied from platform to folder '/home/grzegorz/git/MADC_ARTY/Software/vitis/MADC/_ide/bitstream' in project 'MADC'.
14:17:13 INFO  : The file '/home/grzegorz/git/MADC_ARTY/Software/vitis/MADC/_ide/psinit/ps7_init.tcl' stored in project is removed.
14:17:18 INFO  : The updated ps init files are copied from platform to folder '/home/grzegorz/git/MADC_ARTY/Software/vitis/MADC/_ide/psinit' in project 'MADC'.
14:17:32 INFO  : Connected to target on host '127.0.0.1' and port '3121'.
14:17:32 INFO  : Jtag cable 'Digilent Arty Z7 003017B7ED73A' is selected.
14:17:32 INFO  : 'jtag frequency' command is executed.
14:17:32 INFO  : Context for 'APU' is selected.
14:17:32 INFO  : System reset is completed.
14:17:35 INFO  : 'after 3000' command is executed.
14:17:35 INFO  : 'targets -set -filter {jtag_cable_name =~ "Digilent Arty Z7 003017B7ED73A" && level==0 && jtag_device_ctx=="jsn-Arty Z7-003017B7ED73A-13722093-0"}' command is executed.
14:17:36 INFO  : Device configured successfully with "/home/grzegorz/git/MADC_ARTY/Software/vitis/MADC/_ide/bitstream/MADC_ARTY_Z7_wrapper.bit"
14:17:36 INFO  : Context for 'APU' is selected.
14:17:37 INFO  : Hardware design and registers information is loaded from '/home/grzegorz/git/MADC_ARTY/Software/vitis/MADC_ARTY_Z7_wrapper/export/MADC_ARTY_Z7_wrapper/hw/MADC_ARTY_Z7_wrapper.xsa'.
14:17:37 INFO  : 'configparams force-mem-access 1' command is executed.
14:17:37 INFO  : Context for 'APU' is selected.
14:17:37 INFO  : Sourcing of '/home/grzegorz/git/MADC_ARTY/Software/vitis/MADC/_ide/psinit/ps7_init.tcl' is done.
14:17:37 INFO  : 'ps7_init' command is executed.
14:17:37 INFO  : 'ps7_post_config' command is executed.
14:17:37 INFO  : Context for processor 'ps7_cortexa9_0' is selected.
14:17:37 INFO  : The application '/home/grzegorz/git/MADC_ARTY/Software/vitis/MADC/Debug/MADC.elf' is downloaded to processor 'ps7_cortexa9_0'.
14:17:37 INFO  : 'configparams force-mem-access 0' command is executed.
14:17:37 INFO  : ----------------XSDB Script----------------
connect -url tcp:127.0.0.1:3121
targets -set -nocase -filter {name =~"APU*"}
rst -system
after 3000
targets -set -filter {jtag_cable_name =~ "Digilent Arty Z7 003017B7ED73A" && level==0 && jtag_device_ctx=="jsn-Arty Z7-003017B7ED73A-13722093-0"}
fpga -file /home/grzegorz/git/MADC_ARTY/Software/vitis/MADC/_ide/bitstream/MADC_ARTY_Z7_wrapper.bit
targets -set -nocase -filter {name =~"APU*"}
loadhw -hw /home/grzegorz/git/MADC_ARTY/Software/vitis/MADC_ARTY_Z7_wrapper/export/MADC_ARTY_Z7_wrapper/hw/MADC_ARTY_Z7_wrapper.xsa -mem-ranges [list {0x40000000 0xbfffffff}] -regs
configparams force-mem-access 1
targets -set -nocase -filter {name =~"APU*"}
source /home/grzegorz/git/MADC_ARTY/Software/vitis/MADC/_ide/psinit/ps7_init.tcl
ps7_init
ps7_post_config
targets -set -nocase -filter {name =~ "*A9*#0"}
dow /home/grzegorz/git/MADC_ARTY/Software/vitis/MADC/Debug/MADC.elf
configparams force-mem-access 0
----------------End of Script----------------

14:17:37 INFO  : Context for processor 'ps7_cortexa9_0' is selected.
14:17:37 INFO  : 'con' command is executed.
14:17:37 INFO  : ----------------XSDB Script (After Launch)----------------
targets -set -nocase -filter {name =~ "*A9*#0"}
con
----------------End of Script----------------

14:17:37 INFO  : Launch script is exported to file '/home/grzegorz/git/MADC_ARTY/Software/vitis/MADC_system/_ide/scripts/systemdebugger_madc_system_standalone.tcl'
14:18:18 INFO  : Disconnected from the channel tcfchan#6.
14:45:26 INFO  : Hardware specification for platform project 'MADC_ARTY_Z7_wrapper' is updated.
14:45:35 INFO  : Result from executing command 'getProjects': MADC_ARTY_Z7_wrapper
14:45:35 INFO  : Result from executing command 'getPlatforms': MADC_ARTY_Z7_wrapper|/home/grzegorz/git/MADC_ARTY/Software/vitis/MADC_ARTY_Z7_wrapper/export/MADC_ARTY_Z7_wrapper/MADC_ARTY_Z7_wrapper.xpfm;xilinx_vck190_base_202410_1|/opt/Xilinx/Vitis/2024.1/base_platforms/xilinx_vck190_base_202410_1/xilinx_vck190_base_202410_1.xpfm;xilinx_vck190_base_dfx_202410_1|/opt/Xilinx/Vitis/2024.1/base_platforms/xilinx_vck190_base_dfx_202410_1/xilinx_vck190_base_dfx_202410_1.xpfm;xilinx_vek280_base_202410_1|/opt/Xilinx/Vitis/2024.1/base_platforms/xilinx_vek280_base_202410_1/xilinx_vek280_base_202410_1.xpfm;xilinx_vek280_base_bdc_202410_1|/opt/Xilinx/Vitis/2024.1/base_platforms/xilinx_vek280_base_bdc_202410_1/xilinx_vek280_base_bdc_202410_1.xpfm;xilinx_vmk180_base_202410_1|/opt/Xilinx/Vitis/2024.1/base_platforms/xilinx_vmk180_base_202410_1/xilinx_vmk180_base_202410_1.xpfm;xilinx_zcu102_base_202410_1|/opt/Xilinx/Vitis/2024.1/base_platforms/xilinx_zcu102_base_202410_1/xilinx_zcu102_base_202410_1.xpfm;xilinx_zcu102_base_dfx_202410_1|/opt/Xilinx/Vitis/2024.1/base_platforms/xilinx_zcu102_base_dfx_202410_1/xilinx_zcu102_base_dfx_202410_1.xpfm;xilinx_zcu104_base_202410_1|/opt/Xilinx/Vitis/2024.1/base_platforms/xilinx_zcu104_base_202410_1/xilinx_zcu104_base_202410_1.xpfm
14:45:49 INFO  : Checking for BSP changes to sync application flags for project 'MADC'...
14:45:52 INFO  : The hardware specification used by project 'MADC' is out of sync with the platform. Resource files extracted from the hardware specification will be updated.
14:45:52 INFO  : The file '/home/grzegorz/git/MADC_ARTY/Software/vitis/MADC/_ide/bitstream/MADC_ARTY_Z7_wrapper.bit' stored in project is removed.
14:45:52 INFO  : The updated bitstream files are copied from platform to folder '/home/grzegorz/git/MADC_ARTY/Software/vitis/MADC/_ide/bitstream' in project 'MADC'.
14:45:52 INFO  : The file '/home/grzegorz/git/MADC_ARTY/Software/vitis/MADC/_ide/psinit/ps7_init.tcl' stored in project is removed.
14:45:57 INFO  : The updated ps init files are copied from platform to folder '/home/grzegorz/git/MADC_ARTY/Software/vitis/MADC/_ide/psinit' in project 'MADC'.
14:46:12 INFO  : Connected to target on host '127.0.0.1' and port '3121'.
14:46:12 INFO  : Jtag cable 'Digilent Arty Z7 003017B7ED73A' is selected.
14:46:12 INFO  : 'jtag frequency' command is executed.
14:46:12 INFO  : Context for 'APU' is selected.
14:46:12 INFO  : System reset is completed.
14:46:15 INFO  : 'after 3000' command is executed.
14:46:16 INFO  : 'targets -set -filter {jtag_cable_name =~ "Digilent Arty Z7 003017B7ED73A" && level==0 && jtag_device_ctx=="jsn-Arty Z7-003017B7ED73A-13722093-0"}' command is executed.
14:46:17 INFO  : Device configured successfully with "/home/grzegorz/git/MADC_ARTY/Software/vitis/MADC/_ide/bitstream/MADC_ARTY_Z7_wrapper.bit"
14:46:17 INFO  : Context for 'APU' is selected.
14:46:17 INFO  : Hardware design and registers information is loaded from '/home/grzegorz/git/MADC_ARTY/Software/vitis/MADC_ARTY_Z7_wrapper/export/MADC_ARTY_Z7_wrapper/hw/MADC_ARTY_Z7_wrapper.xsa'.
14:46:17 INFO  : 'configparams force-mem-access 1' command is executed.
14:46:17 INFO  : Context for 'APU' is selected.
14:46:17 INFO  : Sourcing of '/home/grzegorz/git/MADC_ARTY/Software/vitis/MADC/_ide/psinit/ps7_init.tcl' is done.
14:46:17 INFO  : 'ps7_init' command is executed.
14:46:17 INFO  : 'ps7_post_config' command is executed.
14:46:17 INFO  : Context for processor 'ps7_cortexa9_0' is selected.
14:46:17 INFO  : The application '/home/grzegorz/git/MADC_ARTY/Software/vitis/MADC/Debug/MADC.elf' is downloaded to processor 'ps7_cortexa9_0'.
14:46:17 INFO  : 'configparams force-mem-access 0' command is executed.
14:46:17 INFO  : ----------------XSDB Script----------------
connect -url tcp:127.0.0.1:3121
targets -set -nocase -filter {name =~"APU*"}
rst -system
after 3000
targets -set -filter {jtag_cable_name =~ "Digilent Arty Z7 003017B7ED73A" && level==0 && jtag_device_ctx=="jsn-Arty Z7-003017B7ED73A-13722093-0"}
fpga -file /home/grzegorz/git/MADC_ARTY/Software/vitis/MADC/_ide/bitstream/MADC_ARTY_Z7_wrapper.bit
targets -set -nocase -filter {name =~"APU*"}
loadhw -hw /home/grzegorz/git/MADC_ARTY/Software/vitis/MADC_ARTY_Z7_wrapper/export/MADC_ARTY_Z7_wrapper/hw/MADC_ARTY_Z7_wrapper.xsa -mem-ranges [list {0x40000000 0xbfffffff}] -regs
configparams force-mem-access 1
targets -set -nocase -filter {name =~"APU*"}
source /home/grzegorz/git/MADC_ARTY/Software/vitis/MADC/_ide/psinit/ps7_init.tcl
ps7_init
ps7_post_config
targets -set -nocase -filter {name =~ "*A9*#0"}
dow /home/grzegorz/git/MADC_ARTY/Software/vitis/MADC/Debug/MADC.elf
configparams force-mem-access 0
----------------End of Script----------------

14:46:17 INFO  : Context for processor 'ps7_cortexa9_0' is selected.
14:46:17 INFO  : 'con' command is executed.
14:46:17 INFO  : ----------------XSDB Script (After Launch)----------------
targets -set -nocase -filter {name =~ "*A9*#0"}
con
----------------End of Script----------------

14:46:17 INFO  : Launch script is exported to file '/home/grzegorz/git/MADC_ARTY/Software/vitis/MADC_system/_ide/scripts/systemdebugger_madc_system_standalone.tcl'
14:54:33 INFO  : Disconnected from the channel tcfchan#9.
14:54:48 INFO  : Hardware specification for platform project 'MADC_ARTY_Z7_wrapper' is updated.
14:54:57 INFO  : Result from executing command 'getProjects': MADC_ARTY_Z7_wrapper
14:54:57 INFO  : Result from executing command 'getPlatforms': MADC_ARTY_Z7_wrapper|/home/grzegorz/git/MADC_ARTY/Software/vitis/MADC_ARTY_Z7_wrapper/export/MADC_ARTY_Z7_wrapper/MADC_ARTY_Z7_wrapper.xpfm;xilinx_vck190_base_202410_1|/opt/Xilinx/Vitis/2024.1/base_platforms/xilinx_vck190_base_202410_1/xilinx_vck190_base_202410_1.xpfm;xilinx_vck190_base_dfx_202410_1|/opt/Xilinx/Vitis/2024.1/base_platforms/xilinx_vck190_base_dfx_202410_1/xilinx_vck190_base_dfx_202410_1.xpfm;xilinx_vek280_base_202410_1|/opt/Xilinx/Vitis/2024.1/base_platforms/xilinx_vek280_base_202410_1/xilinx_vek280_base_202410_1.xpfm;xilinx_vek280_base_bdc_202410_1|/opt/Xilinx/Vitis/2024.1/base_platforms/xilinx_vek280_base_bdc_202410_1/xilinx_vek280_base_bdc_202410_1.xpfm;xilinx_vmk180_base_202410_1|/opt/Xilinx/Vitis/2024.1/base_platforms/xilinx_vmk180_base_202410_1/xilinx_vmk180_base_202410_1.xpfm;xilinx_zcu102_base_202410_1|/opt/Xilinx/Vitis/2024.1/base_platforms/xilinx_zcu102_base_202410_1/xilinx_zcu102_base_202410_1.xpfm;xilinx_zcu102_base_dfx_202410_1|/opt/Xilinx/Vitis/2024.1/base_platforms/xilinx_zcu102_base_dfx_202410_1/xilinx_zcu102_base_dfx_202410_1.xpfm;xilinx_zcu104_base_202410_1|/opt/Xilinx/Vitis/2024.1/base_platforms/xilinx_zcu104_base_202410_1/xilinx_zcu104_base_202410_1.xpfm
14:55:10 INFO  : Checking for BSP changes to sync application flags for project 'MADC'...
14:55:13 INFO  : The hardware specification used by project 'MADC' is out of sync with the platform. Resource files extracted from the hardware specification will be updated.
14:55:13 INFO  : The file '/home/grzegorz/git/MADC_ARTY/Software/vitis/MADC/_ide/bitstream/MADC_ARTY_Z7_wrapper.bit' stored in project is removed.
14:55:13 INFO  : The updated bitstream files are copied from platform to folder '/home/grzegorz/git/MADC_ARTY/Software/vitis/MADC/_ide/bitstream' in project 'MADC'.
14:55:13 INFO  : The file '/home/grzegorz/git/MADC_ARTY/Software/vitis/MADC/_ide/psinit/ps7_init.tcl' stored in project is removed.
14:55:19 INFO  : The updated ps init files are copied from platform to folder '/home/grzegorz/git/MADC_ARTY/Software/vitis/MADC/_ide/psinit' in project 'MADC'.
14:55:28 INFO  : Connected to target on host '127.0.0.1' and port '3121'.
14:55:28 INFO  : Jtag cable 'Digilent Arty Z7 003017B7ED73A' is selected.
14:55:28 INFO  : 'jtag frequency' command is executed.
14:55:28 INFO  : Context for 'APU' is selected.
14:55:28 INFO  : System reset is completed.
14:55:31 INFO  : 'after 3000' command is executed.
14:55:31 INFO  : 'targets -set -filter {jtag_cable_name =~ "Digilent Arty Z7 003017B7ED73A" && level==0 && jtag_device_ctx=="jsn-Arty Z7-003017B7ED73A-13722093-0"}' command is executed.
14:55:33 INFO  : Device configured successfully with "/home/grzegorz/git/MADC_ARTY/Software/vitis/MADC/_ide/bitstream/MADC_ARTY_Z7_wrapper.bit"
14:55:33 INFO  : Context for 'APU' is selected.
14:55:33 INFO  : Hardware design and registers information is loaded from '/home/grzegorz/git/MADC_ARTY/Software/vitis/MADC_ARTY_Z7_wrapper/export/MADC_ARTY_Z7_wrapper/hw/MADC_ARTY_Z7_wrapper.xsa'.
14:55:33 INFO  : 'configparams force-mem-access 1' command is executed.
14:55:33 INFO  : Context for 'APU' is selected.
14:55:33 INFO  : Sourcing of '/home/grzegorz/git/MADC_ARTY/Software/vitis/MADC/_ide/psinit/ps7_init.tcl' is done.
14:55:33 INFO  : 'ps7_init' command is executed.
14:55:33 INFO  : 'ps7_post_config' command is executed.
14:55:33 INFO  : Context for processor 'ps7_cortexa9_0' is selected.
14:55:33 INFO  : The application '/home/grzegorz/git/MADC_ARTY/Software/vitis/MADC/Debug/MADC.elf' is downloaded to processor 'ps7_cortexa9_0'.
14:55:33 INFO  : 'configparams force-mem-access 0' command is executed.
14:55:33 INFO  : ----------------XSDB Script----------------
connect -url tcp:127.0.0.1:3121
targets -set -nocase -filter {name =~"APU*"}
rst -system
after 3000
targets -set -filter {jtag_cable_name =~ "Digilent Arty Z7 003017B7ED73A" && level==0 && jtag_device_ctx=="jsn-Arty Z7-003017B7ED73A-13722093-0"}
fpga -file /home/grzegorz/git/MADC_ARTY/Software/vitis/MADC/_ide/bitstream/MADC_ARTY_Z7_wrapper.bit
targets -set -nocase -filter {name =~"APU*"}
loadhw -hw /home/grzegorz/git/MADC_ARTY/Software/vitis/MADC_ARTY_Z7_wrapper/export/MADC_ARTY_Z7_wrapper/hw/MADC_ARTY_Z7_wrapper.xsa -mem-ranges [list {0x40000000 0xbfffffff}] -regs
configparams force-mem-access 1
targets -set -nocase -filter {name =~"APU*"}
source /home/grzegorz/git/MADC_ARTY/Software/vitis/MADC/_ide/psinit/ps7_init.tcl
ps7_init
ps7_post_config
targets -set -nocase -filter {name =~ "*A9*#0"}
dow /home/grzegorz/git/MADC_ARTY/Software/vitis/MADC/Debug/MADC.elf
configparams force-mem-access 0
----------------End of Script----------------

14:55:33 INFO  : Context for processor 'ps7_cortexa9_0' is selected.
14:55:33 INFO  : 'con' command is executed.
14:55:33 INFO  : ----------------XSDB Script (After Launch)----------------
targets -set -nocase -filter {name =~ "*A9*#0"}
con
----------------End of Script----------------

14:55:33 INFO  : Launch script is exported to file '/home/grzegorz/git/MADC_ARTY/Software/vitis/MADC_system/_ide/scripts/systemdebugger_madc_system_standalone.tcl'
15:07:21 INFO  : Disconnected from the channel tcfchan#12.
15:07:34 INFO  : Hardware specification for platform project 'MADC_ARTY_Z7_wrapper' is updated.
15:07:42 INFO  : Result from executing command 'removePlatformRepo': 
15:08:01 INFO  : Result from executing command 'getProjects': MADC_ARTY_Z7_wrapper
15:08:01 INFO  : Result from executing command 'getPlatforms': xilinx_vck190_base_202410_1|/opt/Xilinx/Vitis/2024.1/base_platforms/xilinx_vck190_base_202410_1/xilinx_vck190_base_202410_1.xpfm;xilinx_vck190_base_dfx_202410_1|/opt/Xilinx/Vitis/2024.1/base_platforms/xilinx_vck190_base_dfx_202410_1/xilinx_vck190_base_dfx_202410_1.xpfm;xilinx_vek280_base_202410_1|/opt/Xilinx/Vitis/2024.1/base_platforms/xilinx_vek280_base_202410_1/xilinx_vek280_base_202410_1.xpfm;xilinx_vek280_base_bdc_202410_1|/opt/Xilinx/Vitis/2024.1/base_platforms/xilinx_vek280_base_bdc_202410_1/xilinx_vek280_base_bdc_202410_1.xpfm;xilinx_vmk180_base_202410_1|/opt/Xilinx/Vitis/2024.1/base_platforms/xilinx_vmk180_base_202410_1/xilinx_vmk180_base_202410_1.xpfm;xilinx_zcu102_base_202410_1|/opt/Xilinx/Vitis/2024.1/base_platforms/xilinx_zcu102_base_202410_1/xilinx_zcu102_base_202410_1.xpfm;xilinx_zcu102_base_dfx_202410_1|/opt/Xilinx/Vitis/2024.1/base_platforms/xilinx_zcu102_base_dfx_202410_1/xilinx_zcu102_base_dfx_202410_1.xpfm;xilinx_zcu104_base_202410_1|/opt/Xilinx/Vitis/2024.1/base_platforms/xilinx_zcu104_base_202410_1/xilinx_zcu104_base_202410_1.xpfm
15:08:10 INFO  : Checking for BSP changes to sync application flags for project 'MADC'...
15:08:13 INFO  : The hardware specification used by project 'MADC' is out of sync with the platform. Resource files extracted from the hardware specification will be updated.
15:08:13 INFO  : The file '/home/grzegorz/git/MADC_ARTY/Software/vitis/MADC/_ide/bitstream/MADC_ARTY_Z7_wrapper.bit' stored in project is removed.
15:08:13 INFO  : The updated bitstream files are copied from platform to folder '/home/grzegorz/git/MADC_ARTY/Software/vitis/MADC/_ide/bitstream' in project 'MADC'.
15:08:13 INFO  : The file '/home/grzegorz/git/MADC_ARTY/Software/vitis/MADC/_ide/psinit/ps7_init.tcl' stored in project is removed.
15:08:20 INFO  : The updated ps init files are copied from platform to folder '/home/grzegorz/git/MADC_ARTY/Software/vitis/MADC/_ide/psinit' in project 'MADC'.
15:08:32 INFO  : Connected to target on host '127.0.0.1' and port '3121'.
15:08:32 INFO  : Jtag cable 'Digilent Arty Z7 003017B7ED73A' is selected.
15:08:32 INFO  : 'jtag frequency' command is executed.
15:08:32 INFO  : Context for 'APU' is selected.
15:08:32 INFO  : System reset is completed.
15:08:35 INFO  : 'after 3000' command is executed.
15:08:35 INFO  : 'targets -set -filter {jtag_cable_name =~ "Digilent Arty Z7 003017B7ED73A" && level==0 && jtag_device_ctx=="jsn-Arty Z7-003017B7ED73A-13722093-0"}' command is executed.
15:08:37 INFO  : Device configured successfully with "/home/grzegorz/git/MADC_ARTY/Software/vitis/MADC/_ide/bitstream/MADC_ARTY_Z7_wrapper.bit"
15:08:37 INFO  : Context for 'APU' is selected.
15:08:37 INFO  : Hardware design and registers information is loaded from '/home/grzegorz/git/MADC_ARTY/Software/vitis/MADC_ARTY_Z7_wrapper/export/MADC_ARTY_Z7_wrapper/hw/MADC_ARTY_Z7_wrapper.xsa'.
15:08:37 INFO  : 'configparams force-mem-access 1' command is executed.
15:08:37 INFO  : Context for 'APU' is selected.
15:08:37 INFO  : Sourcing of '/home/grzegorz/git/MADC_ARTY/Software/vitis/MADC/_ide/psinit/ps7_init.tcl' is done.
15:08:37 INFO  : 'ps7_init' command is executed.
15:08:37 INFO  : 'ps7_post_config' command is executed.
15:08:37 INFO  : Context for processor 'ps7_cortexa9_0' is selected.
15:08:37 INFO  : The application '/home/grzegorz/git/MADC_ARTY/Software/vitis/MADC/Debug/MADC.elf' is downloaded to processor 'ps7_cortexa9_0'.
15:08:37 INFO  : 'configparams force-mem-access 0' command is executed.
15:08:37 INFO  : ----------------XSDB Script----------------
connect -url tcp:127.0.0.1:3121
targets -set -nocase -filter {name =~"APU*"}
rst -system
after 3000
targets -set -filter {jtag_cable_name =~ "Digilent Arty Z7 003017B7ED73A" && level==0 && jtag_device_ctx=="jsn-Arty Z7-003017B7ED73A-13722093-0"}
fpga -file /home/grzegorz/git/MADC_ARTY/Software/vitis/MADC/_ide/bitstream/MADC_ARTY_Z7_wrapper.bit
targets -set -nocase -filter {name =~"APU*"}
loadhw -hw /home/grzegorz/git/MADC_ARTY/Software/vitis/MADC_ARTY_Z7_wrapper/export/MADC_ARTY_Z7_wrapper/hw/MADC_ARTY_Z7_wrapper.xsa -mem-ranges [list {0x40000000 0xbfffffff}] -regs
configparams force-mem-access 1
targets -set -nocase -filter {name =~"APU*"}
source /home/grzegorz/git/MADC_ARTY/Software/vitis/MADC/_ide/psinit/ps7_init.tcl
ps7_init
ps7_post_config
targets -set -nocase -filter {name =~ "*A9*#0"}
dow /home/grzegorz/git/MADC_ARTY/Software/vitis/MADC/Debug/MADC.elf
configparams force-mem-access 0
----------------End of Script----------------

15:08:37 INFO  : Context for processor 'ps7_cortexa9_0' is selected.
15:08:37 INFO  : 'con' command is executed.
15:08:37 INFO  : ----------------XSDB Script (After Launch)----------------
targets -set -nocase -filter {name =~ "*A9*#0"}
con
----------------End of Script----------------

15:08:37 INFO  : Launch script is exported to file '/home/grzegorz/git/MADC_ARTY/Software/vitis/MADC_system/_ide/scripts/systemdebugger_madc_system_standalone.tcl'
15:08:59 INFO  : Disconnected from the channel tcfchan#16.
15:13:47 INFO  : Hardware specification for platform project 'MADC_ARTY_Z7_wrapper' is updated.
15:13:59 INFO  : Result from executing command 'getProjects': MADC_ARTY_Z7_wrapper
15:13:59 INFO  : Result from executing command 'getPlatforms': MADC_ARTY_Z7_wrapper|/home/grzegorz/git/MADC_ARTY/Software/vitis/MADC_ARTY_Z7_wrapper/export/MADC_ARTY_Z7_wrapper/MADC_ARTY_Z7_wrapper.xpfm;xilinx_vck190_base_202410_1|/opt/Xilinx/Vitis/2024.1/base_platforms/xilinx_vck190_base_202410_1/xilinx_vck190_base_202410_1.xpfm;xilinx_vck190_base_dfx_202410_1|/opt/Xilinx/Vitis/2024.1/base_platforms/xilinx_vck190_base_dfx_202410_1/xilinx_vck190_base_dfx_202410_1.xpfm;xilinx_vek280_base_202410_1|/opt/Xilinx/Vitis/2024.1/base_platforms/xilinx_vek280_base_202410_1/xilinx_vek280_base_202410_1.xpfm;xilinx_vek280_base_bdc_202410_1|/opt/Xilinx/Vitis/2024.1/base_platforms/xilinx_vek280_base_bdc_202410_1/xilinx_vek280_base_bdc_202410_1.xpfm;xilinx_vmk180_base_202410_1|/opt/Xilinx/Vitis/2024.1/base_platforms/xilinx_vmk180_base_202410_1/xilinx_vmk180_base_202410_1.xpfm;xilinx_zcu102_base_202410_1|/opt/Xilinx/Vitis/2024.1/base_platforms/xilinx_zcu102_base_202410_1/xilinx_zcu102_base_202410_1.xpfm;xilinx_zcu102_base_dfx_202410_1|/opt/Xilinx/Vitis/2024.1/base_platforms/xilinx_zcu102_base_dfx_202410_1/xilinx_zcu102_base_dfx_202410_1.xpfm;xilinx_zcu104_base_202410_1|/opt/Xilinx/Vitis/2024.1/base_platforms/xilinx_zcu104_base_202410_1/xilinx_zcu104_base_202410_1.xpfm
15:14:19 INFO  : Checking for BSP changes to sync application flags for project 'MADC'...
15:14:22 INFO  : The hardware specification used by project 'MADC' is out of sync with the platform. Resource files extracted from the hardware specification will be updated.
15:14:22 INFO  : The file '/home/grzegorz/git/MADC_ARTY/Software/vitis/MADC/_ide/bitstream/MADC_ARTY_Z7_wrapper.bit' stored in project is removed.
15:14:22 INFO  : The updated bitstream files are copied from platform to folder '/home/grzegorz/git/MADC_ARTY/Software/vitis/MADC/_ide/bitstream' in project 'MADC'.
15:14:22 INFO  : The file '/home/grzegorz/git/MADC_ARTY/Software/vitis/MADC/_ide/psinit/ps7_init.tcl' stored in project is removed.
15:14:28 INFO  : The updated ps init files are copied from platform to folder '/home/grzegorz/git/MADC_ARTY/Software/vitis/MADC/_ide/psinit' in project 'MADC'.
15:14:46 INFO  : Connected to target on host '127.0.0.1' and port '3121'.
15:14:46 INFO  : Jtag cable 'Digilent Arty Z7 003017B7ED73A' is selected.
15:14:46 INFO  : 'jtag frequency' command is executed.
15:14:46 INFO  : Context for 'APU' is selected.
15:14:46 INFO  : System reset is completed.
15:14:49 INFO  : 'after 3000' command is executed.
15:14:49 INFO  : 'targets -set -filter {jtag_cable_name =~ "Digilent Arty Z7 003017B7ED73A" && level==0 && jtag_device_ctx=="jsn-Arty Z7-003017B7ED73A-13722093-0"}' command is executed.
15:14:50 INFO  : Device configured successfully with "/home/grzegorz/git/MADC_ARTY/Software/vitis/MADC/_ide/bitstream/MADC_ARTY_Z7_wrapper.bit"
15:14:50 INFO  : Context for 'APU' is selected.
15:14:50 INFO  : Hardware design and registers information is loaded from '/home/grzegorz/git/MADC_ARTY/Software/vitis/MADC_ARTY_Z7_wrapper/export/MADC_ARTY_Z7_wrapper/hw/MADC_ARTY_Z7_wrapper.xsa'.
15:14:50 INFO  : 'configparams force-mem-access 1' command is executed.
15:14:50 INFO  : Context for 'APU' is selected.
15:14:50 INFO  : Sourcing of '/home/grzegorz/git/MADC_ARTY/Software/vitis/MADC/_ide/psinit/ps7_init.tcl' is done.
15:14:51 INFO  : 'ps7_init' command is executed.
15:14:51 INFO  : 'ps7_post_config' command is executed.
15:14:51 INFO  : Context for processor 'ps7_cortexa9_0' is selected.
15:14:51 INFO  : The application '/home/grzegorz/git/MADC_ARTY/Software/vitis/MADC/Debug/MADC.elf' is downloaded to processor 'ps7_cortexa9_0'.
15:14:51 INFO  : 'configparams force-mem-access 0' command is executed.
15:14:51 INFO  : ----------------XSDB Script----------------
connect -url tcp:127.0.0.1:3121
targets -set -nocase -filter {name =~"APU*"}
rst -system
after 3000
targets -set -filter {jtag_cable_name =~ "Digilent Arty Z7 003017B7ED73A" && level==0 && jtag_device_ctx=="jsn-Arty Z7-003017B7ED73A-13722093-0"}
fpga -file /home/grzegorz/git/MADC_ARTY/Software/vitis/MADC/_ide/bitstream/MADC_ARTY_Z7_wrapper.bit
targets -set -nocase -filter {name =~"APU*"}
loadhw -hw /home/grzegorz/git/MADC_ARTY/Software/vitis/MADC_ARTY_Z7_wrapper/export/MADC_ARTY_Z7_wrapper/hw/MADC_ARTY_Z7_wrapper.xsa -mem-ranges [list {0x40000000 0xbfffffff}] -regs
configparams force-mem-access 1
targets -set -nocase -filter {name =~"APU*"}
source /home/grzegorz/git/MADC_ARTY/Software/vitis/MADC/_ide/psinit/ps7_init.tcl
ps7_init
ps7_post_config
targets -set -nocase -filter {name =~ "*A9*#0"}
dow /home/grzegorz/git/MADC_ARTY/Software/vitis/MADC/Debug/MADC.elf
configparams force-mem-access 0
----------------End of Script----------------

15:14:51 INFO  : Context for processor 'ps7_cortexa9_0' is selected.
15:14:51 INFO  : 'con' command is executed.
15:14:51 INFO  : ----------------XSDB Script (After Launch)----------------
targets -set -nocase -filter {name =~ "*A9*#0"}
con
----------------End of Script----------------

15:14:51 INFO  : Launch script is exported to file '/home/grzegorz/git/MADC_ARTY/Software/vitis/MADC_system/_ide/scripts/systemdebugger_madc_system_standalone.tcl'
15:15:52 INFO  : Disconnected from the channel tcfchan#19.
15:28:23 INFO  : Hardware specification for platform project 'MADC_ARTY_Z7_wrapper' is updated.
15:29:02 INFO  : Checking for BSP changes to sync application flags for project 'MADC'...
15:29:02 INFO  : Result from executing command 'getProjects': MADC;MADC_ARTY_Z7_wrapper;MADC_system;RemoteSystemsTempFiles
15:29:02 WARN  : Failed to closehw "/home/grzegorz/git/MADC_ARTY/Software/vitis/MADC_ARTY_Z7_wrapper/export/MADC_ARTY_Z7_wrapper/hw/MADC_ARTY_Z7_wrapper.xsa"
Reason: /home/grzegorz/git/MADC_ARTY/Software/vitis/MADC_ARTY_Z7_wrapper/export/MADC_ARTY_Z7_wrapper/hw/MADC_ARTY_Z7_wrapper.xsa is not available in the current workspace
use 'getprojects' command to see list of available projects in current workspace
15:29:02 INFO  : Result from executing command 'getProjects': MADC;MADC_ARTY_Z7_wrapper;MADC_system;RemoteSystemsTempFiles
15:29:02 ERROR : Failed to openhw "/home/grzegorz/git/MADC_ARTY/Software/vitis/MADC_ARTY_Z7_wrapper/export/MADC_ARTY_Z7_wrapper/hw/MADC_ARTY_Z7_wrapper.xsa"
Reason: /home/grzegorz/git/MADC_ARTY/Software/vitis/MADC_ARTY_Z7_wrapper/export/MADC_ARTY_Z7_wrapper/hw/MADC_ARTY_Z7_wrapper.xsa is not available in the current workspace
use 'getprojects' command to see list of available projects in current workspace
15:29:02 ERROR : Failed to update application flags from BSP for 'MADC'. Reason: null
java.lang.NullPointerException: null
	at com.xilinx.sdx.sw.internal.SDxSwPlatform.<init>(SDxSwPlatform.java:305) ~[com.xilinx.sdx.sw_1.0.0.202404291623.jar:?]
	at com.xilinx.sdx.sw.internal.SDxSwPlatform.create(SDxSwPlatform.java:214) ~[com.xilinx.sdx.sw_1.0.0.202404291623.jar:?]
	at com.xilinx.sdx.sdk.core.util.SdkPlatformHelper.getSwPlatform(SdkPlatformHelper.java:64) ~[com.xilinx.sdx.sdk.core_1.0.0.202404291623.jar:?]
	at com.xilinx.sdx.sdk.core.build.SdkMakefileGenerationListener.getSwPlatform(SdkMakefileGenerationListener.java:160) ~[com.xilinx.sdx.sdk.core_1.0.0.202404291623.jar:?]
	at com.xilinx.sdx.sdk.core.build.SdkMakefileGenerationListener.syncAppFlags(SdkMakefileGenerationListener.java:78) [com.xilinx.sdx.sdk.core_1.0.0.202404291623.jar:?]
	at com.xilinx.sdx.sdk.core.build.SdkMakefileGenerationListener.preMakefileGeneration(SdkMakefileGenerationListener.java:48) [com.xilinx.sdx.sdk.core_1.0.0.202404291623.jar:?]
	at com.xilinx.sdk.managedbuilder.XilinxGnuMakefileGenerator.notifyPreMakefileGenerationListeners(XilinxGnuMakefileGenerator.java:91) [com.xilinx.sdk.managedbuilder_1.0.0.202404291623.jar:?]
	at com.xilinx.sdk.managedbuilder.XilinxGnuMakefileGenerator.generateMakefiles(XilinxGnuMakefileGenerator.java:40) [com.xilinx.sdk.managedbuilder_1.0.0.202404291623.jar:?]
	at org.eclipse.cdt.managedbuilder.internal.core.CommonBuilder.performMakefileGeneration(CommonBuilder.java:1008) [org.eclipse.cdt.managedbuilder.core_8.6.0.201802261533.jar:?]
	at org.eclipse.cdt.managedbuilder.internal.core.CommonBuilder.performPrebuildGeneration(CommonBuilder.java:873) [org.eclipse.cdt.managedbuilder.core_8.6.0.201802261533.jar:?]
	at org.eclipse.cdt.managedbuilder.internal.core.CommonBuilder.build(CommonBuilder.java:748) [org.eclipse.cdt.managedbuilder.core_8.6.0.201802261533.jar:?]
	at org.eclipse.cdt.managedbuilder.internal.core.CommonBuilder.build(CommonBuilder.java:510) [org.eclipse.cdt.managedbuilder.core_8.6.0.201802261533.jar:?]
	at org.eclipse.cdt.managedbuilder.internal.core.CommonBuilder.build(CommonBuilder.java:459) [org.eclipse.cdt.managedbuilder.core_8.6.0.201802261533.jar:?]
	at org.eclipse.core.internal.events.BuildManager$2.run(BuildManager.java:832) [org.eclipse.core.resources_3.13.700.v20200209-1624.jar:?]
	at org.eclipse.core.runtime.SafeRunner.run(SafeRunner.java:45) [org.eclipse.equinox.common_3.11.0.v20200206-0817.jar:?]
	at org.eclipse.core.internal.events.BuildManager.basicBuild(BuildManager.java:220) [org.eclipse.core.resources_3.13.700.v20200209-1624.jar:?]
	at org.eclipse.core.internal.events.BuildManager.basicBuild(BuildManager.java:263) [org.eclipse.core.resources_3.13.700.v20200209-1624.jar:?]
	at org.eclipse.core.internal.events.BuildManager$1.run(BuildManager.java:316) [org.eclipse.core.resources_3.13.700.v20200209-1624.jar:?]
	at org.eclipse.core.runtime.SafeRunner.run(SafeRunner.java:45) [org.eclipse.equinox.common_3.11.0.v20200206-0817.jar:?]
	at org.eclipse.core.internal.events.BuildManager.basicBuild(BuildManager.java:319) [org.eclipse.core.resources_3.13.700.v20200209-1624.jar:?]
	at org.eclipse.core.internal.events.BuildManager.basicBuildLoop(BuildManager.java:371) [org.eclipse.core.resources_3.13.700.v20200209-1624.jar:?]
	at org.eclipse.core.internal.events.BuildManager.build(BuildManager.java:392) [org.eclipse.core.resources_3.13.700.v20200209-1624.jar:?]
	at org.eclipse.core.internal.resources.Workspace.buildInternal(Workspace.java:515) [org.eclipse.core.resources_3.13.700.v20200209-1624.jar:?]
	at org.eclipse.core.internal.resources.Workspace.build(Workspace.java:412) [org.eclipse.core.resources_3.13.700.v20200209-1624.jar:?]
	at org.eclipse.ui.actions.BuildAction$1.runInWorkspace(BuildAction.java:291) [org.eclipse.ui.ide_3.17.0.v20200217-1511.jar:?]
	at org.eclipse.core.internal.resources.InternalWorkspaceJob.run(InternalWorkspaceJob.java:42) [org.eclipse.core.resources_3.13.700.v20200209-1624.jar:?]
	at org.eclipse.core.internal.jobs.Worker.run(Worker.java:63) [org.eclipse.core.jobs_3.10.700.v20200106-1020.jar:?]
15:29:03 ERROR : Failed to compute checksum of hardware specification file used by project 'MADC'
15:29:03 INFO  : Result from executing command 'getProjects': MADC;MADC_ARTY_Z7_wrapper;MADC_system;RemoteSystemsTempFiles
15:29:03 ERROR : Failed to openhw "/home/grzegorz/git/MADC_ARTY/Software/vitis/MADC_ARTY_Z7_wrapper/export/MADC_ARTY_Z7_wrapper/hw/MADC_ARTY_Z7_wrapper.xsa"
Reason: /home/grzegorz/git/MADC_ARTY/Software/vitis/MADC_ARTY_Z7_wrapper/export/MADC_ARTY_Z7_wrapper/hw/MADC_ARTY_Z7_wrapper.xsa is not available in the current workspace
use 'getprojects' command to see list of available projects in current workspace
15:29:03 INFO  : Result from executing command 'getProjects': MADC;MADC_ARTY_Z7_wrapper;MADC_system;RemoteSystemsTempFiles
15:29:03 ERROR : Failed to openhw "/home/grzegorz/git/MADC_ARTY/Software/vitis/MADC_ARTY_Z7_wrapper/export/MADC_ARTY_Z7_wrapper/hw/MADC_ARTY_Z7_wrapper.xsa"
Reason: /home/grzegorz/git/MADC_ARTY/Software/vitis/MADC_ARTY_Z7_wrapper/export/MADC_ARTY_Z7_wrapper/hw/MADC_ARTY_Z7_wrapper.xsa is not available in the current workspace
use 'getprojects' command to see list of available projects in current workspace
15:29:03 INFO  : Result from executing command 'getProjects': MADC;MADC_ARTY_Z7_wrapper;MADC_system;RemoteSystemsTempFiles
15:29:03 ERROR : Failed to openhw "/home/grzegorz/git/MADC_ARTY/Software/vitis/MADC_ARTY_Z7_wrapper/export/MADC_ARTY_Z7_wrapper/hw/MADC_ARTY_Z7_wrapper.xsa"
Reason: /home/grzegorz/git/MADC_ARTY/Software/vitis/MADC_ARTY_Z7_wrapper/export/MADC_ARTY_Z7_wrapper/hw/MADC_ARTY_Z7_wrapper.xsa is not available in the current workspace
use 'getprojects' command to see list of available projects in current workspace
15:34:44 INFO  : Hardware specification for platform project 'MADC_ARTY_Z7_wrapper' is updated.
15:35:02 INFO  : Result from executing command 'getProjects': MADC_ARTY_Z7_wrapper
15:35:02 INFO  : Result from executing command 'getPlatforms': MADC_ARTY_Z7_wrapper|/home/grzegorz/git/MADC_ARTY/Software/vitis/MADC_ARTY_Z7_wrapper/export/MADC_ARTY_Z7_wrapper/MADC_ARTY_Z7_wrapper.xpfm;xilinx_vck190_base_202410_1|/opt/Xilinx/Vitis/2024.1/base_platforms/xilinx_vck190_base_202410_1/xilinx_vck190_base_202410_1.xpfm;xilinx_vck190_base_dfx_202410_1|/opt/Xilinx/Vitis/2024.1/base_platforms/xilinx_vck190_base_dfx_202410_1/xilinx_vck190_base_dfx_202410_1.xpfm;xilinx_vek280_base_202410_1|/opt/Xilinx/Vitis/2024.1/base_platforms/xilinx_vek280_base_202410_1/xilinx_vek280_base_202410_1.xpfm;xilinx_vek280_base_bdc_202410_1|/opt/Xilinx/Vitis/2024.1/base_platforms/xilinx_vek280_base_bdc_202410_1/xilinx_vek280_base_bdc_202410_1.xpfm;xilinx_vmk180_base_202410_1|/opt/Xilinx/Vitis/2024.1/base_platforms/xilinx_vmk180_base_202410_1/xilinx_vmk180_base_202410_1.xpfm;xilinx_zcu102_base_202410_1|/opt/Xilinx/Vitis/2024.1/base_platforms/xilinx_zcu102_base_202410_1/xilinx_zcu102_base_202410_1.xpfm;xilinx_zcu102_base_dfx_202410_1|/opt/Xilinx/Vitis/2024.1/base_platforms/xilinx_zcu102_base_dfx_202410_1/xilinx_zcu102_base_dfx_202410_1.xpfm;xilinx_zcu104_base_202410_1|/opt/Xilinx/Vitis/2024.1/base_platforms/xilinx_zcu104_base_202410_1/xilinx_zcu104_base_202410_1.xpfm
15:35:10 INFO  : Checking for BSP changes to sync application flags for project 'MADC'...
15:35:11 INFO  : The hardware specification used by project 'MADC' is out of sync with the platform. Resource files extracted from the hardware specification will be updated.
15:35:11 INFO  : The file '/home/grzegorz/git/MADC_ARTY/Software/vitis/MADC/_ide/bitstream/MADC_ARTY_Z7_wrapper.bit' stored in project is removed.
15:35:11 INFO  : The updated bitstream files are copied from platform to folder '/home/grzegorz/git/MADC_ARTY/Software/vitis/MADC/_ide/bitstream' in project 'MADC'.
15:35:11 INFO  : The file '/home/grzegorz/git/MADC_ARTY/Software/vitis/MADC/_ide/psinit/ps7_init.tcl' stored in project is removed.
15:35:17 INFO  : The updated ps init files are copied from platform to folder '/home/grzegorz/git/MADC_ARTY/Software/vitis/MADC/_ide/psinit' in project 'MADC'.
15:35:28 INFO  : Connected to target on host '127.0.0.1' and port '3121'.
15:35:29 INFO  : Jtag cable 'Digilent Arty Z7 003017B7ED73A' is selected.
15:35:29 INFO  : 'jtag frequency' command is executed.
15:35:29 INFO  : Context for 'APU' is selected.
15:35:29 INFO  : System reset is completed.
15:35:32 INFO  : 'after 3000' command is executed.
15:35:32 INFO  : 'targets -set -filter {jtag_cable_name =~ "Digilent Arty Z7 003017B7ED73A" && level==0 && jtag_device_ctx=="jsn-Arty Z7-003017B7ED73A-13722093-0"}' command is executed.
15:35:33 INFO  : Device configured successfully with "/home/grzegorz/git/MADC_ARTY/Software/vitis/MADC/_ide/bitstream/MADC_ARTY_Z7_wrapper.bit"
15:35:33 INFO  : Context for 'APU' is selected.
15:35:33 INFO  : Hardware design and registers information is loaded from '/home/grzegorz/git/MADC_ARTY/Software/vitis/MADC_ARTY_Z7_wrapper/export/MADC_ARTY_Z7_wrapper/hw/MADC_ARTY_Z7_wrapper.xsa'.
15:35:33 INFO  : 'configparams force-mem-access 1' command is executed.
15:35:33 INFO  : Context for 'APU' is selected.
15:35:33 INFO  : Sourcing of '/home/grzegorz/git/MADC_ARTY/Software/vitis/MADC/_ide/psinit/ps7_init.tcl' is done.
15:35:33 INFO  : 'ps7_init' command is executed.
15:35:33 INFO  : 'ps7_post_config' command is executed.
15:35:33 INFO  : Context for processor 'ps7_cortexa9_0' is selected.
15:35:34 INFO  : The application '/home/grzegorz/git/MADC_ARTY/Software/vitis/MADC/Debug/MADC.elf' is downloaded to processor 'ps7_cortexa9_0'.
15:35:34 INFO  : 'configparams force-mem-access 0' command is executed.
15:35:34 INFO  : ----------------XSDB Script----------------
connect -url tcp:127.0.0.1:3121
targets -set -nocase -filter {name =~"APU*"}
rst -system
after 3000
targets -set -filter {jtag_cable_name =~ "Digilent Arty Z7 003017B7ED73A" && level==0 && jtag_device_ctx=="jsn-Arty Z7-003017B7ED73A-13722093-0"}
fpga -file /home/grzegorz/git/MADC_ARTY/Software/vitis/MADC/_ide/bitstream/MADC_ARTY_Z7_wrapper.bit
targets -set -nocase -filter {name =~"APU*"}
loadhw -hw /home/grzegorz/git/MADC_ARTY/Software/vitis/MADC_ARTY_Z7_wrapper/export/MADC_ARTY_Z7_wrapper/hw/MADC_ARTY_Z7_wrapper.xsa -mem-ranges [list {0x40000000 0xbfffffff}] -regs
configparams force-mem-access 1
targets -set -nocase -filter {name =~"APU*"}
source /home/grzegorz/git/MADC_ARTY/Software/vitis/MADC/_ide/psinit/ps7_init.tcl
ps7_init
ps7_post_config
targets -set -nocase -filter {name =~ "*A9*#0"}
dow /home/grzegorz/git/MADC_ARTY/Software/vitis/MADC/Debug/MADC.elf
configparams force-mem-access 0
----------------End of Script----------------

15:35:34 INFO  : Context for processor 'ps7_cortexa9_0' is selected.
15:35:34 INFO  : 'con' command is executed.
15:35:34 INFO  : ----------------XSDB Script (After Launch)----------------
targets -set -nocase -filter {name =~ "*A9*#0"}
con
----------------End of Script----------------

15:35:34 INFO  : Launch script is exported to file '/home/grzegorz/git/MADC_ARTY/Software/vitis/MADC_system/_ide/scripts/systemdebugger_madc_system_standalone.tcl'
15:35:49 INFO  : Disconnected from the channel tcfchan#24.
15:36:54 INFO  : Connected to target on host '127.0.0.1' and port '3121'.
15:36:55 INFO  : Jtag cable 'Digilent Arty Z7 003017B7ED73A' is selected.
15:36:55 INFO  : 'jtag frequency' command is executed.
15:36:55 INFO  : Context for 'APU' is selected.
15:36:55 INFO  : System reset is completed.
15:36:58 INFO  : 'after 3000' command is executed.
15:36:58 INFO  : 'targets -set -filter {jtag_cable_name =~ "Digilent Arty Z7 003017B7ED73A" && level==0 && jtag_device_ctx=="jsn-Arty Z7-003017B7ED73A-13722093-0"}' command is executed.
15:36:59 INFO  : Device configured successfully with "/home/grzegorz/git/MADC_ARTY/Software/vitis/MADC/_ide/bitstream/MADC_ARTY_Z7_wrapper.bit"
15:36:59 INFO  : Context for 'APU' is selected.
15:36:59 INFO  : Hardware design and registers information is loaded from '/home/grzegorz/git/MADC_ARTY/Software/vitis/MADC_ARTY_Z7_wrapper/export/MADC_ARTY_Z7_wrapper/hw/MADC_ARTY_Z7_wrapper.xsa'.
15:36:59 INFO  : 'configparams force-mem-access 1' command is executed.
15:36:59 INFO  : Context for 'APU' is selected.
15:36:59 INFO  : Sourcing of '/home/grzegorz/git/MADC_ARTY/Software/vitis/MADC/_ide/psinit/ps7_init.tcl' is done.
15:36:59 INFO  : 'ps7_init' command is executed.
15:36:59 INFO  : 'ps7_post_config' command is executed.
15:37:00 INFO  : Context for processor 'ps7_cortexa9_0' is selected.
15:37:00 INFO  : The application '/home/grzegorz/git/MADC_ARTY/Software/vitis/MADC/Debug/MADC.elf' is downloaded to processor 'ps7_cortexa9_0'.
15:37:00 INFO  : 'configparams force-mem-access 0' command is executed.
15:37:00 INFO  : ----------------XSDB Script----------------
connect -url tcp:127.0.0.1:3121
targets -set -nocase -filter {name =~"APU*"}
rst -system
after 3000
targets -set -filter {jtag_cable_name =~ "Digilent Arty Z7 003017B7ED73A" && level==0 && jtag_device_ctx=="jsn-Arty Z7-003017B7ED73A-13722093-0"}
fpga -file /home/grzegorz/git/MADC_ARTY/Software/vitis/MADC/_ide/bitstream/MADC_ARTY_Z7_wrapper.bit
targets -set -nocase -filter {name =~"APU*"}
loadhw -hw /home/grzegorz/git/MADC_ARTY/Software/vitis/MADC_ARTY_Z7_wrapper/export/MADC_ARTY_Z7_wrapper/hw/MADC_ARTY_Z7_wrapper.xsa -mem-ranges [list {0x40000000 0xbfffffff}] -regs
configparams force-mem-access 1
targets -set -nocase -filter {name =~"APU*"}
source /home/grzegorz/git/MADC_ARTY/Software/vitis/MADC/_ide/psinit/ps7_init.tcl
ps7_init
ps7_post_config
targets -set -nocase -filter {name =~ "*A9*#0"}
dow /home/grzegorz/git/MADC_ARTY/Software/vitis/MADC/Debug/MADC.elf
configparams force-mem-access 0
----------------End of Script----------------

15:37:00 INFO  : Context for processor 'ps7_cortexa9_0' is selected.
15:37:00 INFO  : 'con' command is executed.
15:37:00 INFO  : ----------------XSDB Script (After Launch)----------------
targets -set -nocase -filter {name =~ "*A9*#0"}
con
----------------End of Script----------------

15:37:00 INFO  : Launch script is exported to file '/home/grzegorz/git/MADC_ARTY/Software/vitis/MADC_system/_ide/scripts/systemdebugger_madc_system_standalone.tcl'
15:43:07 INFO  : Checking for BSP changes to sync application flags for project 'MADC'...
15:43:17 INFO  : Disconnected from the channel tcfchan#25.
15:43:21 INFO  : Connected to target on host '127.0.0.1' and port '3121'.
15:43:21 INFO  : Jtag cable 'Digilent Arty Z7 003017B7ED73A' is selected.
15:43:21 INFO  : 'jtag frequency' command is executed.
15:43:21 INFO  : Context for 'APU' is selected.
15:43:21 INFO  : System reset is completed.
15:43:24 INFO  : 'after 3000' command is executed.
15:43:24 INFO  : 'targets -set -filter {jtag_cable_name =~ "Digilent Arty Z7 003017B7ED73A" && level==0 && jtag_device_ctx=="jsn-Arty Z7-003017B7ED73A-13722093-0"}' command is executed.
15:43:25 INFO  : Device configured successfully with "/home/grzegorz/git/MADC_ARTY/Software/vitis/MADC/_ide/bitstream/MADC_ARTY_Z7_wrapper.bit"
15:43:25 INFO  : Context for 'APU' is selected.
15:43:25 INFO  : Hardware design and registers information is loaded from '/home/grzegorz/git/MADC_ARTY/Software/vitis/MADC_ARTY_Z7_wrapper/export/MADC_ARTY_Z7_wrapper/hw/MADC_ARTY_Z7_wrapper.xsa'.
15:43:25 INFO  : 'configparams force-mem-access 1' command is executed.
15:43:25 INFO  : Context for 'APU' is selected.
15:43:25 INFO  : Sourcing of '/home/grzegorz/git/MADC_ARTY/Software/vitis/MADC/_ide/psinit/ps7_init.tcl' is done.
15:43:26 INFO  : 'ps7_init' command is executed.
15:43:26 INFO  : 'ps7_post_config' command is executed.
15:43:26 INFO  : Context for processor 'ps7_cortexa9_0' is selected.
15:43:26 INFO  : The application '/home/grzegorz/git/MADC_ARTY/Software/vitis/MADC/Debug/MADC.elf' is downloaded to processor 'ps7_cortexa9_0'.
15:43:26 INFO  : 'configparams force-mem-access 0' command is executed.
15:43:26 INFO  : ----------------XSDB Script----------------
connect -url tcp:127.0.0.1:3121
targets -set -nocase -filter {name =~"APU*"}
rst -system
after 3000
targets -set -filter {jtag_cable_name =~ "Digilent Arty Z7 003017B7ED73A" && level==0 && jtag_device_ctx=="jsn-Arty Z7-003017B7ED73A-13722093-0"}
fpga -file /home/grzegorz/git/MADC_ARTY/Software/vitis/MADC/_ide/bitstream/MADC_ARTY_Z7_wrapper.bit
targets -set -nocase -filter {name =~"APU*"}
loadhw -hw /home/grzegorz/git/MADC_ARTY/Software/vitis/MADC_ARTY_Z7_wrapper/export/MADC_ARTY_Z7_wrapper/hw/MADC_ARTY_Z7_wrapper.xsa -mem-ranges [list {0x40000000 0xbfffffff}] -regs
configparams force-mem-access 1
targets -set -nocase -filter {name =~"APU*"}
source /home/grzegorz/git/MADC_ARTY/Software/vitis/MADC/_ide/psinit/ps7_init.tcl
ps7_init
ps7_post_config
targets -set -nocase -filter {name =~ "*A9*#0"}
dow /home/grzegorz/git/MADC_ARTY/Software/vitis/MADC/Debug/MADC.elf
configparams force-mem-access 0
----------------End of Script----------------

15:43:26 INFO  : Context for processor 'ps7_cortexa9_0' is selected.
15:43:26 INFO  : 'con' command is executed.
15:43:26 INFO  : ----------------XSDB Script (After Launch)----------------
targets -set -nocase -filter {name =~ "*A9*#0"}
con
----------------End of Script----------------

15:43:26 INFO  : Launch script is exported to file '/home/grzegorz/git/MADC_ARTY/Software/vitis/MADC_system/_ide/scripts/systemdebugger_madc_system_standalone.tcl'
15:50:03 INFO  : Disconnected from the channel tcfchan#27.
16:02:15 INFO  : Hardware specification for platform project 'MADC_ARTY_Z7_wrapper' is updated.
16:02:24 INFO  : Result from executing command 'getProjects': MADC_ARTY_Z7_wrapper
16:02:24 INFO  : Result from executing command 'getPlatforms': MADC_ARTY_Z7_wrapper|/home/grzegorz/git/MADC_ARTY/Software/vitis/MADC_ARTY_Z7_wrapper/export/MADC_ARTY_Z7_wrapper/MADC_ARTY_Z7_wrapper.xpfm;xilinx_vck190_base_202410_1|/opt/Xilinx/Vitis/2024.1/base_platforms/xilinx_vck190_base_202410_1/xilinx_vck190_base_202410_1.xpfm;xilinx_vck190_base_dfx_202410_1|/opt/Xilinx/Vitis/2024.1/base_platforms/xilinx_vck190_base_dfx_202410_1/xilinx_vck190_base_dfx_202410_1.xpfm;xilinx_vek280_base_202410_1|/opt/Xilinx/Vitis/2024.1/base_platforms/xilinx_vek280_base_202410_1/xilinx_vek280_base_202410_1.xpfm;xilinx_vek280_base_bdc_202410_1|/opt/Xilinx/Vitis/2024.1/base_platforms/xilinx_vek280_base_bdc_202410_1/xilinx_vek280_base_bdc_202410_1.xpfm;xilinx_vmk180_base_202410_1|/opt/Xilinx/Vitis/2024.1/base_platforms/xilinx_vmk180_base_202410_1/xilinx_vmk180_base_202410_1.xpfm;xilinx_zcu102_base_202410_1|/opt/Xilinx/Vitis/2024.1/base_platforms/xilinx_zcu102_base_202410_1/xilinx_zcu102_base_202410_1.xpfm;xilinx_zcu102_base_dfx_202410_1|/opt/Xilinx/Vitis/2024.1/base_platforms/xilinx_zcu102_base_dfx_202410_1/xilinx_zcu102_base_dfx_202410_1.xpfm;xilinx_zcu104_base_202410_1|/opt/Xilinx/Vitis/2024.1/base_platforms/xilinx_zcu104_base_202410_1/xilinx_zcu104_base_202410_1.xpfm
16:02:43 INFO  : Checking for BSP changes to sync application flags for project 'MADC'...
16:02:46 INFO  : The hardware specification used by project 'MADC' is out of sync with the platform. Resource files extracted from the hardware specification will be updated.
16:02:46 INFO  : The file '/home/grzegorz/git/MADC_ARTY/Software/vitis/MADC/_ide/bitstream/MADC_ARTY_Z7_wrapper.bit' stored in project is removed.
16:02:46 INFO  : The updated bitstream files are copied from platform to folder '/home/grzegorz/git/MADC_ARTY/Software/vitis/MADC/_ide/bitstream' in project 'MADC'.
16:02:46 INFO  : The file '/home/grzegorz/git/MADC_ARTY/Software/vitis/MADC/_ide/psinit/ps7_init.tcl' stored in project is removed.
16:02:51 INFO  : The updated ps init files are copied from platform to folder '/home/grzegorz/git/MADC_ARTY/Software/vitis/MADC/_ide/psinit' in project 'MADC'.
16:03:08 INFO  : Connected to target on host '127.0.0.1' and port '3121'.
16:03:24 INFO  : Jtag cable 'Digilent Arty Z7 003017B7ED73A' is selected.
16:03:24 INFO  : 'jtag frequency' command is executed.
16:03:24 INFO  : Context for 'APU' is selected.
16:03:24 INFO  : System reset is completed.
16:03:27 INFO  : 'after 3000' command is executed.
16:03:28 INFO  : 'targets -set -filter {jtag_cable_name =~ "Digilent Arty Z7 003017B7ED73A" && level==0 && jtag_device_ctx=="jsn-Arty Z7-003017B7ED73A-13722093-0"}' command is executed.
16:03:29 INFO  : Device configured successfully with "/home/grzegorz/git/MADC_ARTY/Software/vitis/MADC/_ide/bitstream/MADC_ARTY_Z7_wrapper.bit"
16:03:29 INFO  : Context for 'APU' is selected.
16:03:29 INFO  : Hardware design and registers information is loaded from '/home/grzegorz/git/MADC_ARTY/Software/vitis/MADC_ARTY_Z7_wrapper/export/MADC_ARTY_Z7_wrapper/hw/MADC_ARTY_Z7_wrapper.xsa'.
16:03:29 INFO  : 'configparams force-mem-access 1' command is executed.
16:03:29 INFO  : Context for 'APU' is selected.
16:03:29 INFO  : Sourcing of '/home/grzegorz/git/MADC_ARTY/Software/vitis/MADC/_ide/psinit/ps7_init.tcl' is done.
16:03:29 INFO  : 'ps7_init' command is executed.
16:03:29 INFO  : 'ps7_post_config' command is executed.
16:03:29 INFO  : Context for processor 'ps7_cortexa9_0' is selected.
16:03:29 INFO  : The application '/home/grzegorz/git/MADC_ARTY/Software/vitis/MADC/Debug/MADC.elf' is downloaded to processor 'ps7_cortexa9_0'.
16:03:29 INFO  : 'configparams force-mem-access 0' command is executed.
16:03:29 INFO  : ----------------XSDB Script----------------
connect -url tcp:127.0.0.1:3121
targets -set -nocase -filter {name =~"APU*"}
rst -system
after 3000
targets -set -filter {jtag_cable_name =~ "Digilent Arty Z7 003017B7ED73A" && level==0 && jtag_device_ctx=="jsn-Arty Z7-003017B7ED73A-13722093-0"}
fpga -file /home/grzegorz/git/MADC_ARTY/Software/vitis/MADC/_ide/bitstream/MADC_ARTY_Z7_wrapper.bit
targets -set -nocase -filter {name =~"APU*"}
loadhw -hw /home/grzegorz/git/MADC_ARTY/Software/vitis/MADC_ARTY_Z7_wrapper/export/MADC_ARTY_Z7_wrapper/hw/MADC_ARTY_Z7_wrapper.xsa -mem-ranges [list {0x40000000 0xbfffffff}] -regs
configparams force-mem-access 1
targets -set -nocase -filter {name =~"APU*"}
source /home/grzegorz/git/MADC_ARTY/Software/vitis/MADC/_ide/psinit/ps7_init.tcl
ps7_init
ps7_post_config
targets -set -nocase -filter {name =~ "*A9*#0"}
dow /home/grzegorz/git/MADC_ARTY/Software/vitis/MADC/Debug/MADC.elf
configparams force-mem-access 0
----------------End of Script----------------

16:03:29 INFO  : Context for processor 'ps7_cortexa9_0' is selected.
16:03:29 INFO  : 'con' command is executed.
16:03:29 INFO  : ----------------XSDB Script (After Launch)----------------
targets -set -nocase -filter {name =~ "*A9*#0"}
con
----------------End of Script----------------

16:03:29 INFO  : Launch script is exported to file '/home/grzegorz/git/MADC_ARTY/Software/vitis/MADC_system/_ide/scripts/systemdebugger_madc_system_standalone.tcl'
16:17:03 INFO  : Disconnected from the channel tcfchan#30.
16:17:15 INFO  : Hardware specification for platform project 'MADC_ARTY_Z7_wrapper' is updated.
16:17:24 INFO  : Result from executing command 'getProjects': MADC_ARTY_Z7_wrapper
16:17:24 INFO  : Result from executing command 'getPlatforms': MADC_ARTY_Z7_wrapper|/home/grzegorz/git/MADC_ARTY/Software/vitis/MADC_ARTY_Z7_wrapper/export/MADC_ARTY_Z7_wrapper/MADC_ARTY_Z7_wrapper.xpfm;xilinx_vck190_base_202410_1|/opt/Xilinx/Vitis/2024.1/base_platforms/xilinx_vck190_base_202410_1/xilinx_vck190_base_202410_1.xpfm;xilinx_vck190_base_dfx_202410_1|/opt/Xilinx/Vitis/2024.1/base_platforms/xilinx_vck190_base_dfx_202410_1/xilinx_vck190_base_dfx_202410_1.xpfm;xilinx_vek280_base_202410_1|/opt/Xilinx/Vitis/2024.1/base_platforms/xilinx_vek280_base_202410_1/xilinx_vek280_base_202410_1.xpfm;xilinx_vek280_base_bdc_202410_1|/opt/Xilinx/Vitis/2024.1/base_platforms/xilinx_vek280_base_bdc_202410_1/xilinx_vek280_base_bdc_202410_1.xpfm;xilinx_vmk180_base_202410_1|/opt/Xilinx/Vitis/2024.1/base_platforms/xilinx_vmk180_base_202410_1/xilinx_vmk180_base_202410_1.xpfm;xilinx_zcu102_base_202410_1|/opt/Xilinx/Vitis/2024.1/base_platforms/xilinx_zcu102_base_202410_1/xilinx_zcu102_base_202410_1.xpfm;xilinx_zcu102_base_dfx_202410_1|/opt/Xilinx/Vitis/2024.1/base_platforms/xilinx_zcu102_base_dfx_202410_1/xilinx_zcu102_base_dfx_202410_1.xpfm;xilinx_zcu104_base_202410_1|/opt/Xilinx/Vitis/2024.1/base_platforms/xilinx_zcu104_base_202410_1/xilinx_zcu104_base_202410_1.xpfm
16:17:32 INFO  : Checking for BSP changes to sync application flags for project 'MADC'...
16:17:35 INFO  : The hardware specification used by project 'MADC' is out of sync with the platform. Resource files extracted from the hardware specification will be updated.
16:17:35 INFO  : The file '/home/grzegorz/git/MADC_ARTY/Software/vitis/MADC/_ide/bitstream/MADC_ARTY_Z7_wrapper.bit' stored in project is removed.
16:17:35 INFO  : The updated bitstream files are copied from platform to folder '/home/grzegorz/git/MADC_ARTY/Software/vitis/MADC/_ide/bitstream' in project 'MADC'.
16:17:35 INFO  : The file '/home/grzegorz/git/MADC_ARTY/Software/vitis/MADC/_ide/psinit/ps7_init.tcl' stored in project is removed.
16:17:40 INFO  : The updated ps init files are copied from platform to folder '/home/grzegorz/git/MADC_ARTY/Software/vitis/MADC/_ide/psinit' in project 'MADC'.
16:17:54 INFO  : Connected to target on host '127.0.0.1' and port '3121'.
16:17:54 INFO  : Jtag cable 'Digilent Arty Z7 003017B7ED73A' is selected.
16:17:54 INFO  : 'jtag frequency' command is executed.
16:17:54 INFO  : Context for 'APU' is selected.
16:17:54 INFO  : System reset is completed.
16:17:57 INFO  : 'after 3000' command is executed.
16:17:57 INFO  : 'targets -set -filter {jtag_cable_name =~ "Digilent Arty Z7 003017B7ED73A" && level==0 && jtag_device_ctx=="jsn-Arty Z7-003017B7ED73A-13722093-0"}' command is executed.
16:17:58 INFO  : Device configured successfully with "/home/grzegorz/git/MADC_ARTY/Software/vitis/MADC/_ide/bitstream/MADC_ARTY_Z7_wrapper.bit"
16:17:58 INFO  : Context for 'APU' is selected.
16:17:59 INFO  : Hardware design and registers information is loaded from '/home/grzegorz/git/MADC_ARTY/Software/vitis/MADC_ARTY_Z7_wrapper/export/MADC_ARTY_Z7_wrapper/hw/MADC_ARTY_Z7_wrapper.xsa'.
16:17:59 INFO  : 'configparams force-mem-access 1' command is executed.
16:17:59 INFO  : Context for 'APU' is selected.
16:17:59 INFO  : Sourcing of '/home/grzegorz/git/MADC_ARTY/Software/vitis/MADC/_ide/psinit/ps7_init.tcl' is done.
16:17:59 INFO  : 'ps7_init' command is executed.
16:17:59 INFO  : 'ps7_post_config' command is executed.
16:17:59 INFO  : Context for processor 'ps7_cortexa9_0' is selected.
16:17:59 INFO  : The application '/home/grzegorz/git/MADC_ARTY/Software/vitis/MADC/Debug/MADC.elf' is downloaded to processor 'ps7_cortexa9_0'.
16:17:59 INFO  : 'configparams force-mem-access 0' command is executed.
16:17:59 INFO  : ----------------XSDB Script----------------
connect -url tcp:127.0.0.1:3121
targets -set -nocase -filter {name =~"APU*"}
rst -system
after 3000
targets -set -filter {jtag_cable_name =~ "Digilent Arty Z7 003017B7ED73A" && level==0 && jtag_device_ctx=="jsn-Arty Z7-003017B7ED73A-13722093-0"}
fpga -file /home/grzegorz/git/MADC_ARTY/Software/vitis/MADC/_ide/bitstream/MADC_ARTY_Z7_wrapper.bit
targets -set -nocase -filter {name =~"APU*"}
loadhw -hw /home/grzegorz/git/MADC_ARTY/Software/vitis/MADC_ARTY_Z7_wrapper/export/MADC_ARTY_Z7_wrapper/hw/MADC_ARTY_Z7_wrapper.xsa -mem-ranges [list {0x40000000 0xbfffffff}] -regs
configparams force-mem-access 1
targets -set -nocase -filter {name =~"APU*"}
source /home/grzegorz/git/MADC_ARTY/Software/vitis/MADC/_ide/psinit/ps7_init.tcl
ps7_init
ps7_post_config
targets -set -nocase -filter {name =~ "*A9*#0"}
dow /home/grzegorz/git/MADC_ARTY/Software/vitis/MADC/Debug/MADC.elf
configparams force-mem-access 0
----------------End of Script----------------

16:17:59 INFO  : Context for processor 'ps7_cortexa9_0' is selected.
16:17:59 INFO  : 'con' command is executed.
16:17:59 INFO  : ----------------XSDB Script (After Launch)----------------
targets -set -nocase -filter {name =~ "*A9*#0"}
con
----------------End of Script----------------

16:17:59 INFO  : Launch script is exported to file '/home/grzegorz/git/MADC_ARTY/Software/vitis/MADC_system/_ide/scripts/systemdebugger_madc_system_standalone.tcl'
16:43:30 INFO  : Disconnected from the channel tcfchan#33.
16:43:43 INFO  : Hardware specification for platform project 'MADC_ARTY_Z7_wrapper' is updated.
16:43:52 INFO  : Result from executing command 'getProjects': MADC_ARTY_Z7_wrapper
16:43:52 INFO  : Result from executing command 'getPlatforms': MADC_ARTY_Z7_wrapper|/home/grzegorz/git/MADC_ARTY/Software/vitis/MADC_ARTY_Z7_wrapper/export/MADC_ARTY_Z7_wrapper/MADC_ARTY_Z7_wrapper.xpfm;xilinx_vck190_base_202410_1|/opt/Xilinx/Vitis/2024.1/base_platforms/xilinx_vck190_base_202410_1/xilinx_vck190_base_202410_1.xpfm;xilinx_vck190_base_dfx_202410_1|/opt/Xilinx/Vitis/2024.1/base_platforms/xilinx_vck190_base_dfx_202410_1/xilinx_vck190_base_dfx_202410_1.xpfm;xilinx_vek280_base_202410_1|/opt/Xilinx/Vitis/2024.1/base_platforms/xilinx_vek280_base_202410_1/xilinx_vek280_base_202410_1.xpfm;xilinx_vek280_base_bdc_202410_1|/opt/Xilinx/Vitis/2024.1/base_platforms/xilinx_vek280_base_bdc_202410_1/xilinx_vek280_base_bdc_202410_1.xpfm;xilinx_vmk180_base_202410_1|/opt/Xilinx/Vitis/2024.1/base_platforms/xilinx_vmk180_base_202410_1/xilinx_vmk180_base_202410_1.xpfm;xilinx_zcu102_base_202410_1|/opt/Xilinx/Vitis/2024.1/base_platforms/xilinx_zcu102_base_202410_1/xilinx_zcu102_base_202410_1.xpfm;xilinx_zcu102_base_dfx_202410_1|/opt/Xilinx/Vitis/2024.1/base_platforms/xilinx_zcu102_base_dfx_202410_1/xilinx_zcu102_base_dfx_202410_1.xpfm;xilinx_zcu104_base_202410_1|/opt/Xilinx/Vitis/2024.1/base_platforms/xilinx_zcu104_base_202410_1/xilinx_zcu104_base_202410_1.xpfm
16:44:22 INFO  : Result from executing command 'removePlatformRepo': 
16:44:40 INFO  : Result from executing command 'getProjects': MADC_ARTY_Z7_wrapper
16:44:40 INFO  : Result from executing command 'getPlatforms': xilinx_vck190_base_202410_1|/opt/Xilinx/Vitis/2024.1/base_platforms/xilinx_vck190_base_202410_1/xilinx_vck190_base_202410_1.xpfm;xilinx_vck190_base_dfx_202410_1|/opt/Xilinx/Vitis/2024.1/base_platforms/xilinx_vck190_base_dfx_202410_1/xilinx_vck190_base_dfx_202410_1.xpfm;xilinx_vek280_base_202410_1|/opt/Xilinx/Vitis/2024.1/base_platforms/xilinx_vek280_base_202410_1/xilinx_vek280_base_202410_1.xpfm;xilinx_vek280_base_bdc_202410_1|/opt/Xilinx/Vitis/2024.1/base_platforms/xilinx_vek280_base_bdc_202410_1/xilinx_vek280_base_bdc_202410_1.xpfm;xilinx_vmk180_base_202410_1|/opt/Xilinx/Vitis/2024.1/base_platforms/xilinx_vmk180_base_202410_1/xilinx_vmk180_base_202410_1.xpfm;xilinx_zcu102_base_202410_1|/opt/Xilinx/Vitis/2024.1/base_platforms/xilinx_zcu102_base_202410_1/xilinx_zcu102_base_202410_1.xpfm;xilinx_zcu102_base_dfx_202410_1|/opt/Xilinx/Vitis/2024.1/base_platforms/xilinx_zcu102_base_dfx_202410_1/xilinx_zcu102_base_dfx_202410_1.xpfm;xilinx_zcu104_base_202410_1|/opt/Xilinx/Vitis/2024.1/base_platforms/xilinx_zcu104_base_202410_1/xilinx_zcu104_base_202410_1.xpfm
16:44:44 INFO  : Checking for BSP changes to sync application flags for project 'MADC'...
16:44:47 INFO  : The hardware specification used by project 'MADC' is out of sync with the platform. Resource files extracted from the hardware specification will be updated.
16:44:47 INFO  : The file '/home/grzegorz/git/MADC_ARTY/Software/vitis/MADC/_ide/bitstream/MADC_ARTY_Z7_wrapper.bit' stored in project is removed.
16:44:47 INFO  : The updated bitstream files are copied from platform to folder '/home/grzegorz/git/MADC_ARTY/Software/vitis/MADC/_ide/bitstream' in project 'MADC'.
16:44:47 INFO  : The file '/home/grzegorz/git/MADC_ARTY/Software/vitis/MADC/_ide/psinit/ps7_init.tcl' stored in project is removed.
16:44:54 INFO  : The updated ps init files are copied from platform to folder '/home/grzegorz/git/MADC_ARTY/Software/vitis/MADC/_ide/psinit' in project 'MADC'.
16:45:01 INFO  : Connected to target on host '127.0.0.1' and port '3121'.
16:45:01 INFO  : Jtag cable 'Digilent Arty Z7 003017B7ED73A' is selected.
16:45:01 INFO  : 'jtag frequency' command is executed.
16:45:01 INFO  : Context for 'APU' is selected.
16:45:01 INFO  : System reset is completed.
16:45:04 INFO  : 'after 3000' command is executed.
16:45:04 INFO  : 'targets -set -filter {jtag_cable_name =~ "Digilent Arty Z7 003017B7ED73A" && level==0 && jtag_device_ctx=="jsn-Arty Z7-003017B7ED73A-13722093-0"}' command is executed.
16:45:06 INFO  : Device configured successfully with "/home/grzegorz/git/MADC_ARTY/Software/vitis/MADC/_ide/bitstream/MADC_ARTY_Z7_wrapper.bit"
16:45:06 INFO  : Context for 'APU' is selected.
16:45:06 INFO  : Hardware design and registers information is loaded from '/home/grzegorz/git/MADC_ARTY/Software/vitis/MADC_ARTY_Z7_wrapper/export/MADC_ARTY_Z7_wrapper/hw/MADC_ARTY_Z7_wrapper.xsa'.
16:45:06 INFO  : 'configparams force-mem-access 1' command is executed.
16:45:06 INFO  : Context for 'APU' is selected.
16:45:06 INFO  : Sourcing of '/home/grzegorz/git/MADC_ARTY/Software/vitis/MADC/_ide/psinit/ps7_init.tcl' is done.
16:45:06 INFO  : 'ps7_init' command is executed.
16:45:06 INFO  : 'ps7_post_config' command is executed.
16:45:06 INFO  : Context for processor 'ps7_cortexa9_0' is selected.
16:45:06 INFO  : The application '/home/grzegorz/git/MADC_ARTY/Software/vitis/MADC/Debug/MADC.elf' is downloaded to processor 'ps7_cortexa9_0'.
16:45:06 INFO  : 'configparams force-mem-access 0' command is executed.
16:45:06 INFO  : ----------------XSDB Script----------------
connect -url tcp:127.0.0.1:3121
targets -set -nocase -filter {name =~"APU*"}
rst -system
after 3000
targets -set -filter {jtag_cable_name =~ "Digilent Arty Z7 003017B7ED73A" && level==0 && jtag_device_ctx=="jsn-Arty Z7-003017B7ED73A-13722093-0"}
fpga -file /home/grzegorz/git/MADC_ARTY/Software/vitis/MADC/_ide/bitstream/MADC_ARTY_Z7_wrapper.bit
targets -set -nocase -filter {name =~"APU*"}
loadhw -hw /home/grzegorz/git/MADC_ARTY/Software/vitis/MADC_ARTY_Z7_wrapper/export/MADC_ARTY_Z7_wrapper/hw/MADC_ARTY_Z7_wrapper.xsa -mem-ranges [list {0x40000000 0xbfffffff}] -regs
configparams force-mem-access 1
targets -set -nocase -filter {name =~"APU*"}
source /home/grzegorz/git/MADC_ARTY/Software/vitis/MADC/_ide/psinit/ps7_init.tcl
ps7_init
ps7_post_config
targets -set -nocase -filter {name =~ "*A9*#0"}
dow /home/grzegorz/git/MADC_ARTY/Software/vitis/MADC/Debug/MADC.elf
configparams force-mem-access 0
----------------End of Script----------------

16:45:06 INFO  : Context for processor 'ps7_cortexa9_0' is selected.
16:45:06 INFO  : 'con' command is executed.
16:45:06 INFO  : ----------------XSDB Script (After Launch)----------------
targets -set -nocase -filter {name =~ "*A9*#0"}
con
----------------End of Script----------------

16:45:06 INFO  : Launch script is exported to file '/home/grzegorz/git/MADC_ARTY/Software/vitis/MADC_system/_ide/scripts/systemdebugger_madc_system_standalone.tcl'
16:45:35 INFO  : Disconnected from the channel tcfchan#38.
17:21:49 INFO  : Hardware specification for platform project 'MADC_ARTY_Z7_wrapper' is updated.
17:21:57 INFO  : Result from executing command 'getProjects': MADC_ARTY_Z7_wrapper
17:21:57 INFO  : Result from executing command 'getPlatforms': MADC_ARTY_Z7_wrapper|/home/grzegorz/git/MADC_ARTY/Software/vitis/MADC_ARTY_Z7_wrapper/export/MADC_ARTY_Z7_wrapper/MADC_ARTY_Z7_wrapper.xpfm;xilinx_vck190_base_202410_1|/opt/Xilinx/Vitis/2024.1/base_platforms/xilinx_vck190_base_202410_1/xilinx_vck190_base_202410_1.xpfm;xilinx_vck190_base_dfx_202410_1|/opt/Xilinx/Vitis/2024.1/base_platforms/xilinx_vck190_base_dfx_202410_1/xilinx_vck190_base_dfx_202410_1.xpfm;xilinx_vek280_base_202410_1|/opt/Xilinx/Vitis/2024.1/base_platforms/xilinx_vek280_base_202410_1/xilinx_vek280_base_202410_1.xpfm;xilinx_vek280_base_bdc_202410_1|/opt/Xilinx/Vitis/2024.1/base_platforms/xilinx_vek280_base_bdc_202410_1/xilinx_vek280_base_bdc_202410_1.xpfm;xilinx_vmk180_base_202410_1|/opt/Xilinx/Vitis/2024.1/base_platforms/xilinx_vmk180_base_202410_1/xilinx_vmk180_base_202410_1.xpfm;xilinx_zcu102_base_202410_1|/opt/Xilinx/Vitis/2024.1/base_platforms/xilinx_zcu102_base_202410_1/xilinx_zcu102_base_202410_1.xpfm;xilinx_zcu102_base_dfx_202410_1|/opt/Xilinx/Vitis/2024.1/base_platforms/xilinx_zcu102_base_dfx_202410_1/xilinx_zcu102_base_dfx_202410_1.xpfm;xilinx_zcu104_base_202410_1|/opt/Xilinx/Vitis/2024.1/base_platforms/xilinx_zcu104_base_202410_1/xilinx_zcu104_base_202410_1.xpfm
17:22:04 INFO  : Checking for BSP changes to sync application flags for project 'MADC'...
17:22:07 INFO  : The hardware specification used by project 'MADC' is out of sync with the platform. Resource files extracted from the hardware specification will be updated.
17:22:07 INFO  : The file '/home/grzegorz/git/MADC_ARTY/Software/vitis/MADC/_ide/bitstream/MADC_ARTY_Z7_wrapper.bit' stored in project is removed.
17:22:07 INFO  : The updated bitstream files are copied from platform to folder '/home/grzegorz/git/MADC_ARTY/Software/vitis/MADC/_ide/bitstream' in project 'MADC'.
17:22:07 INFO  : The file '/home/grzegorz/git/MADC_ARTY/Software/vitis/MADC/_ide/psinit/ps7_init.tcl' stored in project is removed.
17:22:13 INFO  : The updated ps init files are copied from platform to folder '/home/grzegorz/git/MADC_ARTY/Software/vitis/MADC/_ide/psinit' in project 'MADC'.
17:22:40 INFO  : Connected to target on host '127.0.0.1' and port '3121'.
17:22:40 INFO  : Jtag cable 'Digilent Arty Z7 003017B7ED73A' is selected.
17:22:40 INFO  : 'jtag frequency' command is executed.
17:22:40 INFO  : Context for 'APU' is selected.
17:22:40 INFO  : System reset is completed.
17:22:43 INFO  : 'after 3000' command is executed.
17:22:43 INFO  : 'targets -set -filter {jtag_cable_name =~ "Digilent Arty Z7 003017B7ED73A" && level==0 && jtag_device_ctx=="jsn-Arty Z7-003017B7ED73A-13722093-0"}' command is executed.
17:22:44 INFO  : Device configured successfully with "/home/grzegorz/git/MADC_ARTY/Software/vitis/MADC/_ide/bitstream/MADC_ARTY_Z7_wrapper.bit"
17:22:44 INFO  : Context for 'APU' is selected.
17:22:44 INFO  : Hardware design and registers information is loaded from '/home/grzegorz/git/MADC_ARTY/Software/vitis/MADC_ARTY_Z7_wrapper/export/MADC_ARTY_Z7_wrapper/hw/MADC_ARTY_Z7_wrapper.xsa'.
17:22:44 INFO  : 'configparams force-mem-access 1' command is executed.
17:22:44 INFO  : Context for 'APU' is selected.
17:22:44 INFO  : Sourcing of '/home/grzegorz/git/MADC_ARTY/Software/vitis/MADC/_ide/psinit/ps7_init.tcl' is done.
17:22:45 INFO  : 'ps7_init' command is executed.
17:22:45 INFO  : 'ps7_post_config' command is executed.
17:22:45 INFO  : Context for processor 'ps7_cortexa9_0' is selected.
17:22:45 INFO  : The application '/home/grzegorz/git/MADC_ARTY/Software/vitis/MADC/Debug/MADC.elf' is downloaded to processor 'ps7_cortexa9_0'.
17:22:45 INFO  : 'configparams force-mem-access 0' command is executed.
17:22:45 INFO  : ----------------XSDB Script----------------
connect -url tcp:127.0.0.1:3121
targets -set -nocase -filter {name =~"APU*"}
rst -system
after 3000
targets -set -filter {jtag_cable_name =~ "Digilent Arty Z7 003017B7ED73A" && level==0 && jtag_device_ctx=="jsn-Arty Z7-003017B7ED73A-13722093-0"}
fpga -file /home/grzegorz/git/MADC_ARTY/Software/vitis/MADC/_ide/bitstream/MADC_ARTY_Z7_wrapper.bit
targets -set -nocase -filter {name =~"APU*"}
loadhw -hw /home/grzegorz/git/MADC_ARTY/Software/vitis/MADC_ARTY_Z7_wrapper/export/MADC_ARTY_Z7_wrapper/hw/MADC_ARTY_Z7_wrapper.xsa -mem-ranges [list {0x40000000 0xbfffffff}] -regs
configparams force-mem-access 1
targets -set -nocase -filter {name =~"APU*"}
source /home/grzegorz/git/MADC_ARTY/Software/vitis/MADC/_ide/psinit/ps7_init.tcl
ps7_init
ps7_post_config
targets -set -nocase -filter {name =~ "*A9*#0"}
dow /home/grzegorz/git/MADC_ARTY/Software/vitis/MADC/Debug/MADC.elf
configparams force-mem-access 0
----------------End of Script----------------

17:22:45 INFO  : Context for processor 'ps7_cortexa9_0' is selected.
17:22:45 INFO  : 'con' command is executed.
17:22:45 INFO  : ----------------XSDB Script (After Launch)----------------
targets -set -nocase -filter {name =~ "*A9*#0"}
con
----------------End of Script----------------

17:22:45 INFO  : Launch script is exported to file '/home/grzegorz/git/MADC_ARTY/Software/vitis/MADC_system/_ide/scripts/systemdebugger_madc_system_standalone.tcl'
17:26:46 INFO  : Disconnected from the channel tcfchan#41.
17:26:51 INFO  : Connected to target on host '127.0.0.1' and port '3121'.
17:26:52 INFO  : Jtag cable 'Digilent Arty Z7 003017B7ED73A' is selected.
17:26:52 INFO  : 'jtag frequency' command is executed.
17:26:52 INFO  : Context for 'APU' is selected.
17:26:52 INFO  : System reset is completed.
17:26:55 INFO  : 'after 3000' command is executed.
17:26:55 INFO  : 'targets -set -filter {jtag_cable_name =~ "Digilent Arty Z7 003017B7ED73A" && level==0 && jtag_device_ctx=="jsn-Arty Z7-003017B7ED73A-13722093-0"}' command is executed.
17:26:56 INFO  : Device configured successfully with "/home/grzegorz/git/MADC_ARTY/Software/vitis/MADC/_ide/bitstream/MADC_ARTY_Z7_wrapper.bit"
17:26:56 INFO  : Context for 'APU' is selected.
17:26:56 INFO  : Hardware design and registers information is loaded from '/home/grzegorz/git/MADC_ARTY/Software/vitis/MADC_ARTY_Z7_wrapper/export/MADC_ARTY_Z7_wrapper/hw/MADC_ARTY_Z7_wrapper.xsa'.
17:26:56 INFO  : 'configparams force-mem-access 1' command is executed.
17:26:56 INFO  : Context for 'APU' is selected.
17:26:56 INFO  : Sourcing of '/home/grzegorz/git/MADC_ARTY/Software/vitis/MADC/_ide/psinit/ps7_init.tcl' is done.
17:26:56 INFO  : 'ps7_init' command is executed.
17:26:56 INFO  : 'ps7_post_config' command is executed.
17:26:56 INFO  : Context for processor 'ps7_cortexa9_0' is selected.
17:26:56 INFO  : The application '/home/grzegorz/git/MADC_ARTY/Software/vitis/MADC/Debug/MADC.elf' is downloaded to processor 'ps7_cortexa9_0'.
17:26:56 INFO  : 'configparams force-mem-access 0' command is executed.
17:26:56 INFO  : ----------------XSDB Script----------------
connect -url tcp:127.0.0.1:3121
targets -set -nocase -filter {name =~"APU*"}
rst -system
after 3000
targets -set -filter {jtag_cable_name =~ "Digilent Arty Z7 003017B7ED73A" && level==0 && jtag_device_ctx=="jsn-Arty Z7-003017B7ED73A-13722093-0"}
fpga -file /home/grzegorz/git/MADC_ARTY/Software/vitis/MADC/_ide/bitstream/MADC_ARTY_Z7_wrapper.bit
targets -set -nocase -filter {name =~"APU*"}
loadhw -hw /home/grzegorz/git/MADC_ARTY/Software/vitis/MADC_ARTY_Z7_wrapper/export/MADC_ARTY_Z7_wrapper/hw/MADC_ARTY_Z7_wrapper.xsa -mem-ranges [list {0x40000000 0xbfffffff}] -regs
configparams force-mem-access 1
targets -set -nocase -filter {name =~"APU*"}
source /home/grzegorz/git/MADC_ARTY/Software/vitis/MADC/_ide/psinit/ps7_init.tcl
ps7_init
ps7_post_config
targets -set -nocase -filter {name =~ "*A9*#0"}
dow /home/grzegorz/git/MADC_ARTY/Software/vitis/MADC/Debug/MADC.elf
configparams force-mem-access 0
----------------End of Script----------------

17:26:56 INFO  : Context for processor 'ps7_cortexa9_0' is selected.
17:26:56 INFO  : 'con' command is executed.
17:26:56 INFO  : ----------------XSDB Script (After Launch)----------------
targets -set -nocase -filter {name =~ "*A9*#0"}
con
----------------End of Script----------------

17:26:56 INFO  : Launch script is exported to file '/home/grzegorz/git/MADC_ARTY/Software/vitis/MADC_system/_ide/scripts/systemdebugger_madc_system_standalone.tcl'
17:27:14 INFO  : Disconnected from the channel tcfchan#42.
17:27:19 INFO  : Checking for BSP changes to sync application flags for project 'MADC'...
17:27:33 INFO  : Connected to target on host '127.0.0.1' and port '3121'.
17:27:33 INFO  : Jtag cable 'Digilent Arty Z7 003017B7ED73A' is selected.
17:27:33 INFO  : 'jtag frequency' command is executed.
17:27:33 INFO  : Context for 'APU' is selected.
17:27:33 INFO  : System reset is completed.
17:27:36 INFO  : 'after 3000' command is executed.
17:27:36 INFO  : 'targets -set -filter {jtag_cable_name =~ "Digilent Arty Z7 003017B7ED73A" && level==0 && jtag_device_ctx=="jsn-Arty Z7-003017B7ED73A-13722093-0"}' command is executed.
17:27:38 INFO  : Device configured successfully with "/home/grzegorz/git/MADC_ARTY/Software/vitis/MADC/_ide/bitstream/MADC_ARTY_Z7_wrapper.bit"
17:27:38 INFO  : Context for 'APU' is selected.
17:27:38 INFO  : Hardware design and registers information is loaded from '/home/grzegorz/git/MADC_ARTY/Software/vitis/MADC_ARTY_Z7_wrapper/export/MADC_ARTY_Z7_wrapper/hw/MADC_ARTY_Z7_wrapper.xsa'.
17:27:38 INFO  : 'configparams force-mem-access 1' command is executed.
17:27:38 INFO  : Context for 'APU' is selected.
17:27:38 INFO  : Sourcing of '/home/grzegorz/git/MADC_ARTY/Software/vitis/MADC/_ide/psinit/ps7_init.tcl' is done.
17:27:38 INFO  : 'ps7_init' command is executed.
17:27:38 INFO  : 'ps7_post_config' command is executed.
17:27:38 INFO  : Context for processor 'ps7_cortexa9_0' is selected.
17:27:38 INFO  : The application '/home/grzegorz/git/MADC_ARTY/Software/vitis/MADC/Debug/MADC.elf' is downloaded to processor 'ps7_cortexa9_0'.
17:27:38 INFO  : 'configparams force-mem-access 0' command is executed.
17:27:38 INFO  : ----------------XSDB Script----------------
connect -url tcp:127.0.0.1:3121
targets -set -nocase -filter {name =~"APU*"}
rst -system
after 3000
targets -set -filter {jtag_cable_name =~ "Digilent Arty Z7 003017B7ED73A" && level==0 && jtag_device_ctx=="jsn-Arty Z7-003017B7ED73A-13722093-0"}
fpga -file /home/grzegorz/git/MADC_ARTY/Software/vitis/MADC/_ide/bitstream/MADC_ARTY_Z7_wrapper.bit
targets -set -nocase -filter {name =~"APU*"}
loadhw -hw /home/grzegorz/git/MADC_ARTY/Software/vitis/MADC_ARTY_Z7_wrapper/export/MADC_ARTY_Z7_wrapper/hw/MADC_ARTY_Z7_wrapper.xsa -mem-ranges [list {0x40000000 0xbfffffff}] -regs
configparams force-mem-access 1
targets -set -nocase -filter {name =~"APU*"}
source /home/grzegorz/git/MADC_ARTY/Software/vitis/MADC/_ide/psinit/ps7_init.tcl
ps7_init
ps7_post_config
targets -set -nocase -filter {name =~ "*A9*#0"}
dow /home/grzegorz/git/MADC_ARTY/Software/vitis/MADC/Debug/MADC.elf
configparams force-mem-access 0
----------------End of Script----------------

17:27:38 INFO  : Context for processor 'ps7_cortexa9_0' is selected.
17:27:38 INFO  : 'con' command is executed.
17:27:38 INFO  : ----------------XSDB Script (After Launch)----------------
targets -set -nocase -filter {name =~ "*A9*#0"}
con
----------------End of Script----------------

17:27:38 INFO  : Launch script is exported to file '/home/grzegorz/git/MADC_ARTY/Software/vitis/MADC_system/_ide/scripts/systemdebugger_madc_system_standalone.tcl'
17:30:24 INFO  : Checking for BSP changes to sync application flags for project 'MADC'...
17:30:40 INFO  : Disconnected from the channel tcfchan#44.
17:30:42 INFO  : Connected to target on host '127.0.0.1' and port '3121'.
17:30:42 INFO  : Jtag cable 'Digilent Arty Z7 003017B7ED73A' is selected.
17:30:42 INFO  : 'jtag frequency' command is executed.
17:30:42 INFO  : Context for 'APU' is selected.
17:30:42 INFO  : System reset is completed.
17:30:45 INFO  : 'after 3000' command is executed.
17:30:45 INFO  : 'targets -set -filter {jtag_cable_name =~ "Digilent Arty Z7 003017B7ED73A" && level==0 && jtag_device_ctx=="jsn-Arty Z7-003017B7ED73A-13722093-0"}' command is executed.
17:30:47 INFO  : Device configured successfully with "/home/grzegorz/git/MADC_ARTY/Software/vitis/MADC/_ide/bitstream/MADC_ARTY_Z7_wrapper.bit"
17:30:47 INFO  : Context for 'APU' is selected.
17:30:47 INFO  : Hardware design and registers information is loaded from '/home/grzegorz/git/MADC_ARTY/Software/vitis/MADC_ARTY_Z7_wrapper/export/MADC_ARTY_Z7_wrapper/hw/MADC_ARTY_Z7_wrapper.xsa'.
17:30:47 INFO  : 'configparams force-mem-access 1' command is executed.
17:30:47 INFO  : Context for 'APU' is selected.
17:30:47 INFO  : Sourcing of '/home/grzegorz/git/MADC_ARTY/Software/vitis/MADC/_ide/psinit/ps7_init.tcl' is done.
17:30:47 INFO  : 'ps7_init' command is executed.
17:30:47 INFO  : 'ps7_post_config' command is executed.
17:30:47 INFO  : Context for processor 'ps7_cortexa9_0' is selected.
17:30:47 INFO  : The application '/home/grzegorz/git/MADC_ARTY/Software/vitis/MADC/Debug/MADC.elf' is downloaded to processor 'ps7_cortexa9_0'.
17:30:47 INFO  : 'configparams force-mem-access 0' command is executed.
17:30:47 INFO  : ----------------XSDB Script----------------
connect -url tcp:127.0.0.1:3121
targets -set -nocase -filter {name =~"APU*"}
rst -system
after 3000
targets -set -filter {jtag_cable_name =~ "Digilent Arty Z7 003017B7ED73A" && level==0 && jtag_device_ctx=="jsn-Arty Z7-003017B7ED73A-13722093-0"}
fpga -file /home/grzegorz/git/MADC_ARTY/Software/vitis/MADC/_ide/bitstream/MADC_ARTY_Z7_wrapper.bit
targets -set -nocase -filter {name =~"APU*"}
loadhw -hw /home/grzegorz/git/MADC_ARTY/Software/vitis/MADC_ARTY_Z7_wrapper/export/MADC_ARTY_Z7_wrapper/hw/MADC_ARTY_Z7_wrapper.xsa -mem-ranges [list {0x40000000 0xbfffffff}] -regs
configparams force-mem-access 1
targets -set -nocase -filter {name =~"APU*"}
source /home/grzegorz/git/MADC_ARTY/Software/vitis/MADC/_ide/psinit/ps7_init.tcl
ps7_init
ps7_post_config
targets -set -nocase -filter {name =~ "*A9*#0"}
dow /home/grzegorz/git/MADC_ARTY/Software/vitis/MADC/Debug/MADC.elf
configparams force-mem-access 0
----------------End of Script----------------

17:30:47 INFO  : Context for processor 'ps7_cortexa9_0' is selected.
17:30:47 INFO  : 'con' command is executed.
17:30:47 INFO  : ----------------XSDB Script (After Launch)----------------
targets -set -nocase -filter {name =~ "*A9*#0"}
con
----------------End of Script----------------

17:30:47 INFO  : Launch script is exported to file '/home/grzegorz/git/MADC_ARTY/Software/vitis/MADC_system/_ide/scripts/systemdebugger_madc_system_standalone.tcl'
17:32:20 INFO  : Checking for BSP changes to sync application flags for project 'MADC'...
17:32:36 INFO  : Disconnected from the channel tcfchan#46.
17:32:41 INFO  : Connected to target on host '127.0.0.1' and port '3121'.
17:32:41 INFO  : Jtag cable 'Digilent Arty Z7 003017B7ED73A' is selected.
17:32:41 INFO  : 'jtag frequency' command is executed.
17:32:41 INFO  : Context for 'APU' is selected.
17:32:41 INFO  : System reset is completed.
17:32:44 INFO  : 'after 3000' command is executed.
17:32:44 INFO  : 'targets -set -filter {jtag_cable_name =~ "Digilent Arty Z7 003017B7ED73A" && level==0 && jtag_device_ctx=="jsn-Arty Z7-003017B7ED73A-13722093-0"}' command is executed.
17:32:45 INFO  : Device configured successfully with "/home/grzegorz/git/MADC_ARTY/Software/vitis/MADC/_ide/bitstream/MADC_ARTY_Z7_wrapper.bit"
17:32:45 INFO  : Context for 'APU' is selected.
17:32:45 INFO  : Hardware design and registers information is loaded from '/home/grzegorz/git/MADC_ARTY/Software/vitis/MADC_ARTY_Z7_wrapper/export/MADC_ARTY_Z7_wrapper/hw/MADC_ARTY_Z7_wrapper.xsa'.
17:32:45 INFO  : 'configparams force-mem-access 1' command is executed.
17:32:45 INFO  : Context for 'APU' is selected.
17:32:45 INFO  : Sourcing of '/home/grzegorz/git/MADC_ARTY/Software/vitis/MADC/_ide/psinit/ps7_init.tcl' is done.
17:32:46 INFO  : 'ps7_init' command is executed.
17:32:46 INFO  : 'ps7_post_config' command is executed.
17:32:46 INFO  : Context for processor 'ps7_cortexa9_0' is selected.
17:32:46 INFO  : The application '/home/grzegorz/git/MADC_ARTY/Software/vitis/MADC/Debug/MADC.elf' is downloaded to processor 'ps7_cortexa9_0'.
17:32:46 INFO  : 'configparams force-mem-access 0' command is executed.
17:32:46 INFO  : ----------------XSDB Script----------------
connect -url tcp:127.0.0.1:3121
targets -set -nocase -filter {name =~"APU*"}
rst -system
after 3000
targets -set -filter {jtag_cable_name =~ "Digilent Arty Z7 003017B7ED73A" && level==0 && jtag_device_ctx=="jsn-Arty Z7-003017B7ED73A-13722093-0"}
fpga -file /home/grzegorz/git/MADC_ARTY/Software/vitis/MADC/_ide/bitstream/MADC_ARTY_Z7_wrapper.bit
targets -set -nocase -filter {name =~"APU*"}
loadhw -hw /home/grzegorz/git/MADC_ARTY/Software/vitis/MADC_ARTY_Z7_wrapper/export/MADC_ARTY_Z7_wrapper/hw/MADC_ARTY_Z7_wrapper.xsa -mem-ranges [list {0x40000000 0xbfffffff}] -regs
configparams force-mem-access 1
targets -set -nocase -filter {name =~"APU*"}
source /home/grzegorz/git/MADC_ARTY/Software/vitis/MADC/_ide/psinit/ps7_init.tcl
ps7_init
ps7_post_config
targets -set -nocase -filter {name =~ "*A9*#0"}
dow /home/grzegorz/git/MADC_ARTY/Software/vitis/MADC/Debug/MADC.elf
configparams force-mem-access 0
----------------End of Script----------------

17:32:46 INFO  : Context for processor 'ps7_cortexa9_0' is selected.
17:32:46 INFO  : 'con' command is executed.
17:32:46 INFO  : ----------------XSDB Script (After Launch)----------------
targets -set -nocase -filter {name =~ "*A9*#0"}
con
----------------End of Script----------------

17:32:46 INFO  : Launch script is exported to file '/home/grzegorz/git/MADC_ARTY/Software/vitis/MADC_system/_ide/scripts/systemdebugger_madc_system_standalone.tcl'
17:34:55 INFO  : Disconnected from the channel tcfchan#48.
17:35:01 INFO  : Connected to target on host '127.0.0.1' and port '3121'.
17:35:01 INFO  : Jtag cable 'Digilent Arty Z7 003017B7ED73A' is selected.
17:35:01 INFO  : 'jtag frequency' command is executed.
17:35:01 INFO  : Context for 'APU' is selected.
17:35:01 INFO  : System reset is completed.
17:35:04 INFO  : 'after 3000' command is executed.
17:35:04 INFO  : 'targets -set -filter {jtag_cable_name =~ "Digilent Arty Z7 003017B7ED73A" && level==0 && jtag_device_ctx=="jsn-Arty Z7-003017B7ED73A-13722093-0"}' command is executed.
17:35:05 INFO  : Device configured successfully with "/home/grzegorz/git/MADC_ARTY/Software/vitis/MADC/_ide/bitstream/MADC_ARTY_Z7_wrapper.bit"
17:35:05 INFO  : Context for 'APU' is selected.
17:35:05 INFO  : Hardware design and registers information is loaded from '/home/grzegorz/git/MADC_ARTY/Software/vitis/MADC_ARTY_Z7_wrapper/export/MADC_ARTY_Z7_wrapper/hw/MADC_ARTY_Z7_wrapper.xsa'.
17:35:05 INFO  : 'configparams force-mem-access 1' command is executed.
17:35:05 INFO  : Context for 'APU' is selected.
17:35:05 INFO  : Sourcing of '/home/grzegorz/git/MADC_ARTY/Software/vitis/MADC/_ide/psinit/ps7_init.tcl' is done.
17:35:06 INFO  : 'ps7_init' command is executed.
17:35:06 INFO  : 'ps7_post_config' command is executed.
17:35:06 INFO  : Context for processor 'ps7_cortexa9_0' is selected.
17:35:06 INFO  : The application '/home/grzegorz/git/MADC_ARTY/Software/vitis/MADC/Debug/MADC.elf' is downloaded to processor 'ps7_cortexa9_0'.
17:35:06 INFO  : 'configparams force-mem-access 0' command is executed.
17:35:06 INFO  : ----------------XSDB Script----------------
connect -url tcp:127.0.0.1:3121
targets -set -nocase -filter {name =~"APU*"}
rst -system
after 3000
targets -set -filter {jtag_cable_name =~ "Digilent Arty Z7 003017B7ED73A" && level==0 && jtag_device_ctx=="jsn-Arty Z7-003017B7ED73A-13722093-0"}
fpga -file /home/grzegorz/git/MADC_ARTY/Software/vitis/MADC/_ide/bitstream/MADC_ARTY_Z7_wrapper.bit
targets -set -nocase -filter {name =~"APU*"}
loadhw -hw /home/grzegorz/git/MADC_ARTY/Software/vitis/MADC_ARTY_Z7_wrapper/export/MADC_ARTY_Z7_wrapper/hw/MADC_ARTY_Z7_wrapper.xsa -mem-ranges [list {0x40000000 0xbfffffff}] -regs
configparams force-mem-access 1
targets -set -nocase -filter {name =~"APU*"}
source /home/grzegorz/git/MADC_ARTY/Software/vitis/MADC/_ide/psinit/ps7_init.tcl
ps7_init
ps7_post_config
targets -set -nocase -filter {name =~ "*A9*#0"}
dow /home/grzegorz/git/MADC_ARTY/Software/vitis/MADC/Debug/MADC.elf
configparams force-mem-access 0
----------------End of Script----------------

17:35:06 INFO  : Context for processor 'ps7_cortexa9_0' is selected.
17:35:06 INFO  : 'con' command is executed.
17:35:06 INFO  : ----------------XSDB Script (After Launch)----------------
targets -set -nocase -filter {name =~ "*A9*#0"}
con
----------------End of Script----------------

17:35:06 INFO  : Launch script is exported to file '/home/grzegorz/git/MADC_ARTY/Software/vitis/MADC_system/_ide/scripts/systemdebugger_madc_system_standalone.tcl'
17:37:27 INFO  : Checking for BSP changes to sync application flags for project 'MADC'...
17:37:45 INFO  : Disconnected from the channel tcfchan#49.
17:37:53 INFO  : Connected to target on host '127.0.0.1' and port '3121'.
17:37:53 INFO  : Jtag cable 'Digilent Arty Z7 003017B7ED73A' is selected.
17:37:53 INFO  : 'jtag frequency' command is executed.
17:37:53 INFO  : Context for 'APU' is selected.
17:37:53 INFO  : System reset is completed.
17:37:56 INFO  : 'after 3000' command is executed.
17:37:56 INFO  : 'targets -set -filter {jtag_cable_name =~ "Digilent Arty Z7 003017B7ED73A" && level==0 && jtag_device_ctx=="jsn-Arty Z7-003017B7ED73A-13722093-0"}' command is executed.
17:37:57 INFO  : Device configured successfully with "/home/grzegorz/git/MADC_ARTY/Software/vitis/MADC/_ide/bitstream/MADC_ARTY_Z7_wrapper.bit"
17:37:58 INFO  : Context for 'APU' is selected.
17:37:58 INFO  : Hardware design and registers information is loaded from '/home/grzegorz/git/MADC_ARTY/Software/vitis/MADC_ARTY_Z7_wrapper/export/MADC_ARTY_Z7_wrapper/hw/MADC_ARTY_Z7_wrapper.xsa'.
17:37:58 INFO  : 'configparams force-mem-access 1' command is executed.
17:37:58 INFO  : Context for 'APU' is selected.
17:37:58 INFO  : Sourcing of '/home/grzegorz/git/MADC_ARTY/Software/vitis/MADC/_ide/psinit/ps7_init.tcl' is done.
17:37:58 INFO  : 'ps7_init' command is executed.
17:37:58 INFO  : 'ps7_post_config' command is executed.
17:37:58 INFO  : Context for processor 'ps7_cortexa9_0' is selected.
17:37:58 INFO  : The application '/home/grzegorz/git/MADC_ARTY/Software/vitis/MADC/Debug/MADC.elf' is downloaded to processor 'ps7_cortexa9_0'.
17:37:58 INFO  : 'configparams force-mem-access 0' command is executed.
17:37:58 INFO  : ----------------XSDB Script----------------
connect -url tcp:127.0.0.1:3121
targets -set -nocase -filter {name =~"APU*"}
rst -system
after 3000
targets -set -filter {jtag_cable_name =~ "Digilent Arty Z7 003017B7ED73A" && level==0 && jtag_device_ctx=="jsn-Arty Z7-003017B7ED73A-13722093-0"}
fpga -file /home/grzegorz/git/MADC_ARTY/Software/vitis/MADC/_ide/bitstream/MADC_ARTY_Z7_wrapper.bit
targets -set -nocase -filter {name =~"APU*"}
loadhw -hw /home/grzegorz/git/MADC_ARTY/Software/vitis/MADC_ARTY_Z7_wrapper/export/MADC_ARTY_Z7_wrapper/hw/MADC_ARTY_Z7_wrapper.xsa -mem-ranges [list {0x40000000 0xbfffffff}] -regs
configparams force-mem-access 1
targets -set -nocase -filter {name =~"APU*"}
source /home/grzegorz/git/MADC_ARTY/Software/vitis/MADC/_ide/psinit/ps7_init.tcl
ps7_init
ps7_post_config
targets -set -nocase -filter {name =~ "*A9*#0"}
dow /home/grzegorz/git/MADC_ARTY/Software/vitis/MADC/Debug/MADC.elf
configparams force-mem-access 0
----------------End of Script----------------

17:37:58 INFO  : Context for processor 'ps7_cortexa9_0' is selected.
17:37:58 INFO  : 'con' command is executed.
17:37:58 INFO  : ----------------XSDB Script (After Launch)----------------
targets -set -nocase -filter {name =~ "*A9*#0"}
con
----------------End of Script----------------

17:37:58 INFO  : Launch script is exported to file '/home/grzegorz/git/MADC_ARTY/Software/vitis/MADC_system/_ide/scripts/systemdebugger_madc_system_standalone.tcl'
17:45:33 INFO  : Checking for BSP changes to sync application flags for project 'MADC'...
17:45:54 INFO  : Disconnected from the channel tcfchan#51.
17:45:56 INFO  : Connected to target on host '127.0.0.1' and port '3121'.
17:45:56 INFO  : Jtag cable 'Digilent Arty Z7 003017B7ED73A' is selected.
17:45:56 INFO  : 'jtag frequency' command is executed.
17:45:56 INFO  : Context for 'APU' is selected.
17:45:56 INFO  : System reset is completed.
17:45:59 INFO  : 'after 3000' command is executed.
17:45:59 INFO  : 'targets -set -filter {jtag_cable_name =~ "Digilent Arty Z7 003017B7ED73A" && level==0 && jtag_device_ctx=="jsn-Arty Z7-003017B7ED73A-13722093-0"}' command is executed.
17:46:00 INFO  : Device configured successfully with "/home/grzegorz/git/MADC_ARTY/Software/vitis/MADC/_ide/bitstream/MADC_ARTY_Z7_wrapper.bit"
17:46:00 INFO  : Context for 'APU' is selected.
17:46:00 INFO  : Hardware design and registers information is loaded from '/home/grzegorz/git/MADC_ARTY/Software/vitis/MADC_ARTY_Z7_wrapper/export/MADC_ARTY_Z7_wrapper/hw/MADC_ARTY_Z7_wrapper.xsa'.
17:46:00 INFO  : 'configparams force-mem-access 1' command is executed.
17:46:00 INFO  : Context for 'APU' is selected.
17:46:00 INFO  : Sourcing of '/home/grzegorz/git/MADC_ARTY/Software/vitis/MADC/_ide/psinit/ps7_init.tcl' is done.
17:46:00 INFO  : 'ps7_init' command is executed.
17:46:00 INFO  : 'ps7_post_config' command is executed.
17:46:00 INFO  : Context for processor 'ps7_cortexa9_0' is selected.
17:46:01 INFO  : The application '/home/grzegorz/git/MADC_ARTY/Software/vitis/MADC/Debug/MADC.elf' is downloaded to processor 'ps7_cortexa9_0'.
17:46:01 INFO  : 'configparams force-mem-access 0' command is executed.
17:46:01 INFO  : ----------------XSDB Script----------------
connect -url tcp:127.0.0.1:3121
targets -set -nocase -filter {name =~"APU*"}
rst -system
after 3000
targets -set -filter {jtag_cable_name =~ "Digilent Arty Z7 003017B7ED73A" && level==0 && jtag_device_ctx=="jsn-Arty Z7-003017B7ED73A-13722093-0"}
fpga -file /home/grzegorz/git/MADC_ARTY/Software/vitis/MADC/_ide/bitstream/MADC_ARTY_Z7_wrapper.bit
targets -set -nocase -filter {name =~"APU*"}
loadhw -hw /home/grzegorz/git/MADC_ARTY/Software/vitis/MADC_ARTY_Z7_wrapper/export/MADC_ARTY_Z7_wrapper/hw/MADC_ARTY_Z7_wrapper.xsa -mem-ranges [list {0x40000000 0xbfffffff}] -regs
configparams force-mem-access 1
targets -set -nocase -filter {name =~"APU*"}
source /home/grzegorz/git/MADC_ARTY/Software/vitis/MADC/_ide/psinit/ps7_init.tcl
ps7_init
ps7_post_config
targets -set -nocase -filter {name =~ "*A9*#0"}
dow /home/grzegorz/git/MADC_ARTY/Software/vitis/MADC/Debug/MADC.elf
configparams force-mem-access 0
----------------End of Script----------------

17:46:01 INFO  : Context for processor 'ps7_cortexa9_0' is selected.
17:46:01 INFO  : 'con' command is executed.
17:46:01 INFO  : ----------------XSDB Script (After Launch)----------------
targets -set -nocase -filter {name =~ "*A9*#0"}
con
----------------End of Script----------------

17:46:01 INFO  : Launch script is exported to file '/home/grzegorz/git/MADC_ARTY/Software/vitis/MADC_system/_ide/scripts/systemdebugger_madc_system_standalone.tcl'
17:58:06 INFO  : Checking for BSP changes to sync application flags for project 'MADC'...
17:58:14 INFO  : Disconnected from the channel tcfchan#53.
17:58:18 INFO  : Connected to target on host '127.0.0.1' and port '3121'.
17:58:18 INFO  : Jtag cable 'Digilent Arty Z7 003017B7ED73A' is selected.
17:58:18 INFO  : 'jtag frequency' command is executed.
17:58:18 INFO  : Context for 'APU' is selected.
17:58:18 INFO  : System reset is completed.
17:58:21 INFO  : 'after 3000' command is executed.
17:58:21 INFO  : 'targets -set -filter {jtag_cable_name =~ "Digilent Arty Z7 003017B7ED73A" && level==0 && jtag_device_ctx=="jsn-Arty Z7-003017B7ED73A-13722093-0"}' command is executed.
17:58:22 INFO  : Device configured successfully with "/home/grzegorz/git/MADC_ARTY/Software/vitis/MADC/_ide/bitstream/MADC_ARTY_Z7_wrapper.bit"
17:58:22 INFO  : Context for 'APU' is selected.
17:58:22 INFO  : Hardware design and registers information is loaded from '/home/grzegorz/git/MADC_ARTY/Software/vitis/MADC_ARTY_Z7_wrapper/export/MADC_ARTY_Z7_wrapper/hw/MADC_ARTY_Z7_wrapper.xsa'.
17:58:22 INFO  : 'configparams force-mem-access 1' command is executed.
17:58:22 INFO  : Context for 'APU' is selected.
17:58:22 INFO  : Sourcing of '/home/grzegorz/git/MADC_ARTY/Software/vitis/MADC/_ide/psinit/ps7_init.tcl' is done.
17:58:23 INFO  : 'ps7_init' command is executed.
17:58:23 INFO  : 'ps7_post_config' command is executed.
17:58:23 INFO  : Context for processor 'ps7_cortexa9_0' is selected.
17:58:23 INFO  : The application '/home/grzegorz/git/MADC_ARTY/Software/vitis/MADC/Debug/MADC.elf' is downloaded to processor 'ps7_cortexa9_0'.
17:58:23 INFO  : 'configparams force-mem-access 0' command is executed.
17:58:23 INFO  : ----------------XSDB Script----------------
connect -url tcp:127.0.0.1:3121
targets -set -nocase -filter {name =~"APU*"}
rst -system
after 3000
targets -set -filter {jtag_cable_name =~ "Digilent Arty Z7 003017B7ED73A" && level==0 && jtag_device_ctx=="jsn-Arty Z7-003017B7ED73A-13722093-0"}
fpga -file /home/grzegorz/git/MADC_ARTY/Software/vitis/MADC/_ide/bitstream/MADC_ARTY_Z7_wrapper.bit
targets -set -nocase -filter {name =~"APU*"}
loadhw -hw /home/grzegorz/git/MADC_ARTY/Software/vitis/MADC_ARTY_Z7_wrapper/export/MADC_ARTY_Z7_wrapper/hw/MADC_ARTY_Z7_wrapper.xsa -mem-ranges [list {0x40000000 0xbfffffff}] -regs
configparams force-mem-access 1
targets -set -nocase -filter {name =~"APU*"}
source /home/grzegorz/git/MADC_ARTY/Software/vitis/MADC/_ide/psinit/ps7_init.tcl
ps7_init
ps7_post_config
targets -set -nocase -filter {name =~ "*A9*#0"}
dow /home/grzegorz/git/MADC_ARTY/Software/vitis/MADC/Debug/MADC.elf
configparams force-mem-access 0
----------------End of Script----------------

17:58:23 INFO  : Context for processor 'ps7_cortexa9_0' is selected.
17:58:23 INFO  : 'con' command is executed.
17:58:23 INFO  : ----------------XSDB Script (After Launch)----------------
targets -set -nocase -filter {name =~ "*A9*#0"}
con
----------------End of Script----------------

17:58:23 INFO  : Launch script is exported to file '/home/grzegorz/git/MADC_ARTY/Software/vitis/MADC_system/_ide/scripts/systemdebugger_madc_system_standalone.tcl'
18:00:56 INFO  : Checking for BSP changes to sync application flags for project 'MADC'...
18:01:06 INFO  : Disconnected from the channel tcfchan#55.
18:01:08 INFO  : Connected to target on host '127.0.0.1' and port '3121'.
18:01:09 INFO  : Jtag cable 'Digilent Arty Z7 003017B7ED73A' is selected.
18:01:09 INFO  : 'jtag frequency' command is executed.
18:01:09 INFO  : Context for 'APU' is selected.
18:01:09 INFO  : System reset is completed.
18:01:12 INFO  : 'after 3000' command is executed.
18:01:12 INFO  : 'targets -set -filter {jtag_cable_name =~ "Digilent Arty Z7 003017B7ED73A" && level==0 && jtag_device_ctx=="jsn-Arty Z7-003017B7ED73A-13722093-0"}' command is executed.
18:01:13 INFO  : Device configured successfully with "/home/grzegorz/git/MADC_ARTY/Software/vitis/MADC/_ide/bitstream/MADC_ARTY_Z7_wrapper.bit"
18:01:13 INFO  : Context for 'APU' is selected.
18:01:13 INFO  : Hardware design and registers information is loaded from '/home/grzegorz/git/MADC_ARTY/Software/vitis/MADC_ARTY_Z7_wrapper/export/MADC_ARTY_Z7_wrapper/hw/MADC_ARTY_Z7_wrapper.xsa'.
18:01:13 INFO  : 'configparams force-mem-access 1' command is executed.
18:01:13 INFO  : Context for 'APU' is selected.
18:01:13 INFO  : Sourcing of '/home/grzegorz/git/MADC_ARTY/Software/vitis/MADC/_ide/psinit/ps7_init.tcl' is done.
18:01:13 INFO  : 'ps7_init' command is executed.
18:01:13 INFO  : 'ps7_post_config' command is executed.
18:01:13 INFO  : Context for processor 'ps7_cortexa9_0' is selected.
18:01:13 INFO  : The application '/home/grzegorz/git/MADC_ARTY/Software/vitis/MADC/Debug/MADC.elf' is downloaded to processor 'ps7_cortexa9_0'.
18:01:13 INFO  : 'configparams force-mem-access 0' command is executed.
18:01:13 INFO  : ----------------XSDB Script----------------
connect -url tcp:127.0.0.1:3121
targets -set -nocase -filter {name =~"APU*"}
rst -system
after 3000
targets -set -filter {jtag_cable_name =~ "Digilent Arty Z7 003017B7ED73A" && level==0 && jtag_device_ctx=="jsn-Arty Z7-003017B7ED73A-13722093-0"}
fpga -file /home/grzegorz/git/MADC_ARTY/Software/vitis/MADC/_ide/bitstream/MADC_ARTY_Z7_wrapper.bit
targets -set -nocase -filter {name =~"APU*"}
loadhw -hw /home/grzegorz/git/MADC_ARTY/Software/vitis/MADC_ARTY_Z7_wrapper/export/MADC_ARTY_Z7_wrapper/hw/MADC_ARTY_Z7_wrapper.xsa -mem-ranges [list {0x40000000 0xbfffffff}] -regs
configparams force-mem-access 1
targets -set -nocase -filter {name =~"APU*"}
source /home/grzegorz/git/MADC_ARTY/Software/vitis/MADC/_ide/psinit/ps7_init.tcl
ps7_init
ps7_post_config
targets -set -nocase -filter {name =~ "*A9*#0"}
dow /home/grzegorz/git/MADC_ARTY/Software/vitis/MADC/Debug/MADC.elf
configparams force-mem-access 0
----------------End of Script----------------

18:01:13 INFO  : Context for processor 'ps7_cortexa9_0' is selected.
18:01:13 INFO  : 'con' command is executed.
18:01:13 INFO  : ----------------XSDB Script (After Launch)----------------
targets -set -nocase -filter {name =~ "*A9*#0"}
con
----------------End of Script----------------

18:01:13 INFO  : Launch script is exported to file '/home/grzegorz/git/MADC_ARTY/Software/vitis/MADC_system/_ide/scripts/systemdebugger_madc_system_standalone.tcl'
18:18:48 INFO  : Checking for BSP changes to sync application flags for project 'MADC'...
18:18:57 INFO  : Disconnected from the channel tcfchan#57.
18:18:58 INFO  : Connected to target on host '127.0.0.1' and port '3121'.
18:18:59 INFO  : Jtag cable 'Digilent Arty Z7 003017B7ED73A' is selected.
18:18:59 INFO  : 'jtag frequency' command is executed.
18:18:59 INFO  : Context for 'APU' is selected.
18:18:59 INFO  : System reset is completed.
18:19:02 INFO  : 'after 3000' command is executed.
18:19:02 INFO  : 'targets -set -filter {jtag_cable_name =~ "Digilent Arty Z7 003017B7ED73A" && level==0 && jtag_device_ctx=="jsn-Arty Z7-003017B7ED73A-13722093-0"}' command is executed.
18:19:03 INFO  : Device configured successfully with "/home/grzegorz/git/MADC_ARTY/Software/vitis/MADC/_ide/bitstream/MADC_ARTY_Z7_wrapper.bit"
18:19:03 INFO  : Context for 'APU' is selected.
18:19:03 INFO  : Hardware design and registers information is loaded from '/home/grzegorz/git/MADC_ARTY/Software/vitis/MADC_ARTY_Z7_wrapper/export/MADC_ARTY_Z7_wrapper/hw/MADC_ARTY_Z7_wrapper.xsa'.
18:19:03 INFO  : 'configparams force-mem-access 1' command is executed.
18:19:03 INFO  : Context for 'APU' is selected.
18:19:03 INFO  : Sourcing of '/home/grzegorz/git/MADC_ARTY/Software/vitis/MADC/_ide/psinit/ps7_init.tcl' is done.
18:19:04 INFO  : 'ps7_init' command is executed.
18:19:04 INFO  : 'ps7_post_config' command is executed.
18:19:04 INFO  : Context for processor 'ps7_cortexa9_0' is selected.
18:19:04 INFO  : The application '/home/grzegorz/git/MADC_ARTY/Software/vitis/MADC/Debug/MADC.elf' is downloaded to processor 'ps7_cortexa9_0'.
18:19:04 INFO  : 'configparams force-mem-access 0' command is executed.
18:19:04 INFO  : ----------------XSDB Script----------------
connect -url tcp:127.0.0.1:3121
targets -set -nocase -filter {name =~"APU*"}
rst -system
after 3000
targets -set -filter {jtag_cable_name =~ "Digilent Arty Z7 003017B7ED73A" && level==0 && jtag_device_ctx=="jsn-Arty Z7-003017B7ED73A-13722093-0"}
fpga -file /home/grzegorz/git/MADC_ARTY/Software/vitis/MADC/_ide/bitstream/MADC_ARTY_Z7_wrapper.bit
targets -set -nocase -filter {name =~"APU*"}
loadhw -hw /home/grzegorz/git/MADC_ARTY/Software/vitis/MADC_ARTY_Z7_wrapper/export/MADC_ARTY_Z7_wrapper/hw/MADC_ARTY_Z7_wrapper.xsa -mem-ranges [list {0x40000000 0xbfffffff}] -regs
configparams force-mem-access 1
targets -set -nocase -filter {name =~"APU*"}
source /home/grzegorz/git/MADC_ARTY/Software/vitis/MADC/_ide/psinit/ps7_init.tcl
ps7_init
ps7_post_config
targets -set -nocase -filter {name =~ "*A9*#0"}
dow /home/grzegorz/git/MADC_ARTY/Software/vitis/MADC/Debug/MADC.elf
configparams force-mem-access 0
----------------End of Script----------------

18:19:04 INFO  : Context for processor 'ps7_cortexa9_0' is selected.
18:19:04 INFO  : 'con' command is executed.
18:19:04 INFO  : ----------------XSDB Script (After Launch)----------------
targets -set -nocase -filter {name =~ "*A9*#0"}
con
----------------End of Script----------------

18:19:04 INFO  : Launch script is exported to file '/home/grzegorz/git/MADC_ARTY/Software/vitis/MADC_system/_ide/scripts/systemdebugger_madc_system_standalone.tcl'
18:25:37 INFO  : Checking for BSP changes to sync application flags for project 'MADC'...
18:25:40 INFO  : Disconnected from the channel tcfchan#59.
18:25:45 INFO  : Connected to target on host '127.0.0.1' and port '3121'.
18:25:45 INFO  : Jtag cable 'Digilent Arty Z7 003017B7ED73A' is selected.
18:25:45 INFO  : 'jtag frequency' command is executed.
18:25:45 INFO  : Context for 'APU' is selected.
18:25:45 INFO  : System reset is completed.
18:25:48 INFO  : 'after 3000' command is executed.
18:25:48 INFO  : 'targets -set -filter {jtag_cable_name =~ "Digilent Arty Z7 003017B7ED73A" && level==0 && jtag_device_ctx=="jsn-Arty Z7-003017B7ED73A-13722093-0"}' command is executed.
18:25:50 INFO  : Device configured successfully with "/home/grzegorz/git/MADC_ARTY/Software/vitis/MADC/_ide/bitstream/MADC_ARTY_Z7_wrapper.bit"
18:25:50 INFO  : Context for 'APU' is selected.
18:25:50 INFO  : Hardware design and registers information is loaded from '/home/grzegorz/git/MADC_ARTY/Software/vitis/MADC_ARTY_Z7_wrapper/export/MADC_ARTY_Z7_wrapper/hw/MADC_ARTY_Z7_wrapper.xsa'.
18:25:50 INFO  : 'configparams force-mem-access 1' command is executed.
18:25:50 INFO  : Context for 'APU' is selected.
18:25:50 INFO  : Sourcing of '/home/grzegorz/git/MADC_ARTY/Software/vitis/MADC/_ide/psinit/ps7_init.tcl' is done.
18:25:50 INFO  : 'ps7_init' command is executed.
18:25:50 INFO  : 'ps7_post_config' command is executed.
18:25:50 INFO  : Context for processor 'ps7_cortexa9_0' is selected.
18:25:50 INFO  : The application '/home/grzegorz/git/MADC_ARTY/Software/vitis/MADC/Debug/MADC.elf' is downloaded to processor 'ps7_cortexa9_0'.
18:25:50 INFO  : 'configparams force-mem-access 0' command is executed.
18:25:50 INFO  : ----------------XSDB Script----------------
connect -url tcp:127.0.0.1:3121
targets -set -nocase -filter {name =~"APU*"}
rst -system
after 3000
targets -set -filter {jtag_cable_name =~ "Digilent Arty Z7 003017B7ED73A" && level==0 && jtag_device_ctx=="jsn-Arty Z7-003017B7ED73A-13722093-0"}
fpga -file /home/grzegorz/git/MADC_ARTY/Software/vitis/MADC/_ide/bitstream/MADC_ARTY_Z7_wrapper.bit
targets -set -nocase -filter {name =~"APU*"}
loadhw -hw /home/grzegorz/git/MADC_ARTY/Software/vitis/MADC_ARTY_Z7_wrapper/export/MADC_ARTY_Z7_wrapper/hw/MADC_ARTY_Z7_wrapper.xsa -mem-ranges [list {0x40000000 0xbfffffff}] -regs
configparams force-mem-access 1
targets -set -nocase -filter {name =~"APU*"}
source /home/grzegorz/git/MADC_ARTY/Software/vitis/MADC/_ide/psinit/ps7_init.tcl
ps7_init
ps7_post_config
targets -set -nocase -filter {name =~ "*A9*#0"}
dow /home/grzegorz/git/MADC_ARTY/Software/vitis/MADC/Debug/MADC.elf
configparams force-mem-access 0
----------------End of Script----------------

18:25:50 INFO  : Context for processor 'ps7_cortexa9_0' is selected.
18:25:50 INFO  : 'con' command is executed.
18:25:50 INFO  : ----------------XSDB Script (After Launch)----------------
targets -set -nocase -filter {name =~ "*A9*#0"}
con
----------------End of Script----------------

18:25:50 INFO  : Launch script is exported to file '/home/grzegorz/git/MADC_ARTY/Software/vitis/MADC_system/_ide/scripts/systemdebugger_madc_system_standalone.tcl'
18:26:23 INFO  : Checking for BSP changes to sync application flags for project 'MADC'...
18:26:39 INFO  : Disconnected from the channel tcfchan#61.
18:26:40 INFO  : Connected to target on host '127.0.0.1' and port '3121'.
18:26:41 INFO  : Jtag cable 'Digilent Arty Z7 003017B7ED73A' is selected.
18:26:41 INFO  : 'jtag frequency' command is executed.
18:26:41 INFO  : Context for 'APU' is selected.
18:26:41 INFO  : System reset is completed.
18:26:44 INFO  : 'after 3000' command is executed.
18:26:44 INFO  : 'targets -set -filter {jtag_cable_name =~ "Digilent Arty Z7 003017B7ED73A" && level==0 && jtag_device_ctx=="jsn-Arty Z7-003017B7ED73A-13722093-0"}' command is executed.
18:26:45 INFO  : Device configured successfully with "/home/grzegorz/git/MADC_ARTY/Software/vitis/MADC/_ide/bitstream/MADC_ARTY_Z7_wrapper.bit"
18:26:45 INFO  : Context for 'APU' is selected.
18:26:45 INFO  : Hardware design and registers information is loaded from '/home/grzegorz/git/MADC_ARTY/Software/vitis/MADC_ARTY_Z7_wrapper/export/MADC_ARTY_Z7_wrapper/hw/MADC_ARTY_Z7_wrapper.xsa'.
18:26:45 INFO  : 'configparams force-mem-access 1' command is executed.
18:26:45 INFO  : Context for 'APU' is selected.
18:26:45 INFO  : Sourcing of '/home/grzegorz/git/MADC_ARTY/Software/vitis/MADC/_ide/psinit/ps7_init.tcl' is done.
18:26:45 INFO  : 'ps7_init' command is executed.
18:26:45 INFO  : 'ps7_post_config' command is executed.
18:26:45 INFO  : Context for processor 'ps7_cortexa9_0' is selected.
18:26:45 INFO  : The application '/home/grzegorz/git/MADC_ARTY/Software/vitis/MADC/Debug/MADC.elf' is downloaded to processor 'ps7_cortexa9_0'.
18:26:45 INFO  : 'configparams force-mem-access 0' command is executed.
18:26:45 INFO  : ----------------XSDB Script----------------
connect -url tcp:127.0.0.1:3121
targets -set -nocase -filter {name =~"APU*"}
rst -system
after 3000
targets -set -filter {jtag_cable_name =~ "Digilent Arty Z7 003017B7ED73A" && level==0 && jtag_device_ctx=="jsn-Arty Z7-003017B7ED73A-13722093-0"}
fpga -file /home/grzegorz/git/MADC_ARTY/Software/vitis/MADC/_ide/bitstream/MADC_ARTY_Z7_wrapper.bit
targets -set -nocase -filter {name =~"APU*"}
loadhw -hw /home/grzegorz/git/MADC_ARTY/Software/vitis/MADC_ARTY_Z7_wrapper/export/MADC_ARTY_Z7_wrapper/hw/MADC_ARTY_Z7_wrapper.xsa -mem-ranges [list {0x40000000 0xbfffffff}] -regs
configparams force-mem-access 1
targets -set -nocase -filter {name =~"APU*"}
source /home/grzegorz/git/MADC_ARTY/Software/vitis/MADC/_ide/psinit/ps7_init.tcl
ps7_init
ps7_post_config
targets -set -nocase -filter {name =~ "*A9*#0"}
dow /home/grzegorz/git/MADC_ARTY/Software/vitis/MADC/Debug/MADC.elf
configparams force-mem-access 0
----------------End of Script----------------

18:26:46 INFO  : Context for processor 'ps7_cortexa9_0' is selected.
18:26:46 INFO  : 'con' command is executed.
18:26:46 INFO  : ----------------XSDB Script (After Launch)----------------
targets -set -nocase -filter {name =~ "*A9*#0"}
con
----------------End of Script----------------

18:26:46 INFO  : Launch script is exported to file '/home/grzegorz/git/MADC_ARTY/Software/vitis/MADC_system/_ide/scripts/systemdebugger_madc_system_standalone.tcl'
19:07:46 INFO  : Checking for BSP changes to sync application flags for project 'MADC'...
19:07:52 INFO  : Disconnected from the channel tcfchan#63.
19:07:53 INFO  : Connected to target on host '127.0.0.1' and port '3121'.
19:07:54 INFO  : Jtag cable 'Digilent Arty Z7 003017B7ED73A' is selected.
19:07:54 INFO  : 'jtag frequency' command is executed.
19:07:54 INFO  : Context for 'APU' is selected.
19:07:54 INFO  : System reset is completed.
19:07:57 INFO  : 'after 3000' command is executed.
19:07:57 INFO  : 'targets -set -filter {jtag_cable_name =~ "Digilent Arty Z7 003017B7ED73A" && level==0 && jtag_device_ctx=="jsn-Arty Z7-003017B7ED73A-13722093-0"}' command is executed.
19:07:58 INFO  : Device configured successfully with "/home/grzegorz/git/MADC_ARTY/Software/vitis/MADC/_ide/bitstream/MADC_ARTY_Z7_wrapper.bit"
19:07:58 INFO  : Context for 'APU' is selected.
19:07:58 INFO  : Hardware design and registers information is loaded from '/home/grzegorz/git/MADC_ARTY/Software/vitis/MADC_ARTY_Z7_wrapper/export/MADC_ARTY_Z7_wrapper/hw/MADC_ARTY_Z7_wrapper.xsa'.
19:07:58 INFO  : 'configparams force-mem-access 1' command is executed.
19:07:58 INFO  : Context for 'APU' is selected.
19:07:58 INFO  : Sourcing of '/home/grzegorz/git/MADC_ARTY/Software/vitis/MADC/_ide/psinit/ps7_init.tcl' is done.
19:07:58 INFO  : 'ps7_init' command is executed.
19:07:58 INFO  : 'ps7_post_config' command is executed.
19:07:58 INFO  : Context for processor 'ps7_cortexa9_0' is selected.
19:07:58 INFO  : The application '/home/grzegorz/git/MADC_ARTY/Software/vitis/MADC/Debug/MADC.elf' is downloaded to processor 'ps7_cortexa9_0'.
19:07:58 INFO  : 'configparams force-mem-access 0' command is executed.
19:07:58 INFO  : ----------------XSDB Script----------------
connect -url tcp:127.0.0.1:3121
targets -set -nocase -filter {name =~"APU*"}
rst -system
after 3000
targets -set -filter {jtag_cable_name =~ "Digilent Arty Z7 003017B7ED73A" && level==0 && jtag_device_ctx=="jsn-Arty Z7-003017B7ED73A-13722093-0"}
fpga -file /home/grzegorz/git/MADC_ARTY/Software/vitis/MADC/_ide/bitstream/MADC_ARTY_Z7_wrapper.bit
targets -set -nocase -filter {name =~"APU*"}
loadhw -hw /home/grzegorz/git/MADC_ARTY/Software/vitis/MADC_ARTY_Z7_wrapper/export/MADC_ARTY_Z7_wrapper/hw/MADC_ARTY_Z7_wrapper.xsa -mem-ranges [list {0x40000000 0xbfffffff}] -regs
configparams force-mem-access 1
targets -set -nocase -filter {name =~"APU*"}
source /home/grzegorz/git/MADC_ARTY/Software/vitis/MADC/_ide/psinit/ps7_init.tcl
ps7_init
ps7_post_config
targets -set -nocase -filter {name =~ "*A9*#0"}
dow /home/grzegorz/git/MADC_ARTY/Software/vitis/MADC/Debug/MADC.elf
configparams force-mem-access 0
----------------End of Script----------------

19:07:58 INFO  : Context for processor 'ps7_cortexa9_0' is selected.
19:07:58 INFO  : 'con' command is executed.
19:07:58 INFO  : ----------------XSDB Script (After Launch)----------------
targets -set -nocase -filter {name =~ "*A9*#0"}
con
----------------End of Script----------------

19:07:58 INFO  : Launch script is exported to file '/home/grzegorz/git/MADC_ARTY/Software/vitis/MADC_system/_ide/scripts/systemdebugger_madc_system_standalone.tcl'
19:08:17 INFO  : Checking for BSP changes to sync application flags for project 'MADC'...
19:08:24 INFO  : Disconnected from the channel tcfchan#65.
19:08:26 INFO  : Connected to target on host '127.0.0.1' and port '3121'.
19:08:26 INFO  : Jtag cable 'Digilent Arty Z7 003017B7ED73A' is selected.
19:08:26 INFO  : 'jtag frequency' command is executed.
19:08:26 INFO  : Context for 'APU' is selected.
19:08:26 INFO  : System reset is completed.
19:08:29 INFO  : 'after 3000' command is executed.
19:08:29 INFO  : 'targets -set -filter {jtag_cable_name =~ "Digilent Arty Z7 003017B7ED73A" && level==0 && jtag_device_ctx=="jsn-Arty Z7-003017B7ED73A-13722093-0"}' command is executed.
19:08:31 INFO  : Device configured successfully with "/home/grzegorz/git/MADC_ARTY/Software/vitis/MADC/_ide/bitstream/MADC_ARTY_Z7_wrapper.bit"
19:08:31 INFO  : Context for 'APU' is selected.
19:08:31 INFO  : Hardware design and registers information is loaded from '/home/grzegorz/git/MADC_ARTY/Software/vitis/MADC_ARTY_Z7_wrapper/export/MADC_ARTY_Z7_wrapper/hw/MADC_ARTY_Z7_wrapper.xsa'.
19:08:31 INFO  : 'configparams force-mem-access 1' command is executed.
19:08:31 INFO  : Context for 'APU' is selected.
19:08:31 INFO  : Sourcing of '/home/grzegorz/git/MADC_ARTY/Software/vitis/MADC/_ide/psinit/ps7_init.tcl' is done.
19:08:31 INFO  : 'ps7_init' command is executed.
19:08:31 INFO  : 'ps7_post_config' command is executed.
19:08:31 INFO  : Context for processor 'ps7_cortexa9_0' is selected.
19:08:31 INFO  : The application '/home/grzegorz/git/MADC_ARTY/Software/vitis/MADC/Debug/MADC.elf' is downloaded to processor 'ps7_cortexa9_0'.
19:08:31 INFO  : 'configparams force-mem-access 0' command is executed.
19:08:31 INFO  : ----------------XSDB Script----------------
connect -url tcp:127.0.0.1:3121
targets -set -nocase -filter {name =~"APU*"}
rst -system
after 3000
targets -set -filter {jtag_cable_name =~ "Digilent Arty Z7 003017B7ED73A" && level==0 && jtag_device_ctx=="jsn-Arty Z7-003017B7ED73A-13722093-0"}
fpga -file /home/grzegorz/git/MADC_ARTY/Software/vitis/MADC/_ide/bitstream/MADC_ARTY_Z7_wrapper.bit
targets -set -nocase -filter {name =~"APU*"}
loadhw -hw /home/grzegorz/git/MADC_ARTY/Software/vitis/MADC_ARTY_Z7_wrapper/export/MADC_ARTY_Z7_wrapper/hw/MADC_ARTY_Z7_wrapper.xsa -mem-ranges [list {0x40000000 0xbfffffff}] -regs
configparams force-mem-access 1
targets -set -nocase -filter {name =~"APU*"}
source /home/grzegorz/git/MADC_ARTY/Software/vitis/MADC/_ide/psinit/ps7_init.tcl
ps7_init
ps7_post_config
targets -set -nocase -filter {name =~ "*A9*#0"}
dow /home/grzegorz/git/MADC_ARTY/Software/vitis/MADC/Debug/MADC.elf
configparams force-mem-access 0
----------------End of Script----------------

19:08:31 INFO  : Context for processor 'ps7_cortexa9_0' is selected.
19:08:31 INFO  : 'con' command is executed.
19:08:31 INFO  : ----------------XSDB Script (After Launch)----------------
targets -set -nocase -filter {name =~ "*A9*#0"}
con
----------------End of Script----------------

19:08:31 INFO  : Launch script is exported to file '/home/grzegorz/git/MADC_ARTY/Software/vitis/MADC_system/_ide/scripts/systemdebugger_madc_system_standalone.tcl'
19:09:38 INFO  : Checking for BSP changes to sync application flags for project 'MADC'...
19:09:58 INFO  : Disconnected from the channel tcfchan#67.
19:09:59 INFO  : Connected to target on host '127.0.0.1' and port '3121'.
19:10:00 INFO  : Jtag cable 'Digilent Arty Z7 003017B7ED73A' is selected.
19:10:00 INFO  : 'jtag frequency' command is executed.
19:10:00 INFO  : Context for 'APU' is selected.
19:10:00 INFO  : System reset is completed.
19:10:03 INFO  : 'after 3000' command is executed.
19:10:03 INFO  : 'targets -set -filter {jtag_cable_name =~ "Digilent Arty Z7 003017B7ED73A" && level==0 && jtag_device_ctx=="jsn-Arty Z7-003017B7ED73A-13722093-0"}' command is executed.
19:10:04 INFO  : Device configured successfully with "/home/grzegorz/git/MADC_ARTY/Software/vitis/MADC/_ide/bitstream/MADC_ARTY_Z7_wrapper.bit"
19:10:04 INFO  : Context for 'APU' is selected.
19:10:04 INFO  : Hardware design and registers information is loaded from '/home/grzegorz/git/MADC_ARTY/Software/vitis/MADC_ARTY_Z7_wrapper/export/MADC_ARTY_Z7_wrapper/hw/MADC_ARTY_Z7_wrapper.xsa'.
19:10:04 INFO  : 'configparams force-mem-access 1' command is executed.
19:10:04 INFO  : Context for 'APU' is selected.
19:10:04 INFO  : Sourcing of '/home/grzegorz/git/MADC_ARTY/Software/vitis/MADC/_ide/psinit/ps7_init.tcl' is done.
19:10:04 INFO  : 'ps7_init' command is executed.
19:10:04 INFO  : 'ps7_post_config' command is executed.
19:10:04 INFO  : Context for processor 'ps7_cortexa9_0' is selected.
19:10:04 INFO  : The application '/home/grzegorz/git/MADC_ARTY/Software/vitis/MADC/Debug/MADC.elf' is downloaded to processor 'ps7_cortexa9_0'.
19:10:04 INFO  : 'configparams force-mem-access 0' command is executed.
19:10:04 INFO  : ----------------XSDB Script----------------
connect -url tcp:127.0.0.1:3121
targets -set -nocase -filter {name =~"APU*"}
rst -system
after 3000
targets -set -filter {jtag_cable_name =~ "Digilent Arty Z7 003017B7ED73A" && level==0 && jtag_device_ctx=="jsn-Arty Z7-003017B7ED73A-13722093-0"}
fpga -file /home/grzegorz/git/MADC_ARTY/Software/vitis/MADC/_ide/bitstream/MADC_ARTY_Z7_wrapper.bit
targets -set -nocase -filter {name =~"APU*"}
loadhw -hw /home/grzegorz/git/MADC_ARTY/Software/vitis/MADC_ARTY_Z7_wrapper/export/MADC_ARTY_Z7_wrapper/hw/MADC_ARTY_Z7_wrapper.xsa -mem-ranges [list {0x40000000 0xbfffffff}] -regs
configparams force-mem-access 1
targets -set -nocase -filter {name =~"APU*"}
source /home/grzegorz/git/MADC_ARTY/Software/vitis/MADC/_ide/psinit/ps7_init.tcl
ps7_init
ps7_post_config
targets -set -nocase -filter {name =~ "*A9*#0"}
dow /home/grzegorz/git/MADC_ARTY/Software/vitis/MADC/Debug/MADC.elf
configparams force-mem-access 0
----------------End of Script----------------

19:10:04 INFO  : Context for processor 'ps7_cortexa9_0' is selected.
19:10:04 INFO  : 'con' command is executed.
19:10:04 INFO  : ----------------XSDB Script (After Launch)----------------
targets -set -nocase -filter {name =~ "*A9*#0"}
con
----------------End of Script----------------

19:10:04 INFO  : Launch script is exported to file '/home/grzegorz/git/MADC_ARTY/Software/vitis/MADC_system/_ide/scripts/systemdebugger_madc_system_standalone.tcl'
19:11:10 INFO  : Checking for BSP changes to sync application flags for project 'MADC'...
19:11:20 INFO  : Disconnected from the channel tcfchan#69.
19:11:22 INFO  : Connected to target on host '127.0.0.1' and port '3121'.
19:11:22 INFO  : Jtag cable 'Digilent Arty Z7 003017B7ED73A' is selected.
19:11:22 INFO  : 'jtag frequency' command is executed.
19:11:22 INFO  : Context for 'APU' is selected.
19:11:23 INFO  : System reset is completed.
19:11:26 INFO  : 'after 3000' command is executed.
19:11:26 INFO  : 'targets -set -filter {jtag_cable_name =~ "Digilent Arty Z7 003017B7ED73A" && level==0 && jtag_device_ctx=="jsn-Arty Z7-003017B7ED73A-13722093-0"}' command is executed.
19:11:27 INFO  : Device configured successfully with "/home/grzegorz/git/MADC_ARTY/Software/vitis/MADC/_ide/bitstream/MADC_ARTY_Z7_wrapper.bit"
19:11:27 INFO  : Context for 'APU' is selected.
19:11:27 INFO  : Hardware design and registers information is loaded from '/home/grzegorz/git/MADC_ARTY/Software/vitis/MADC_ARTY_Z7_wrapper/export/MADC_ARTY_Z7_wrapper/hw/MADC_ARTY_Z7_wrapper.xsa'.
19:11:27 INFO  : 'configparams force-mem-access 1' command is executed.
19:11:27 INFO  : Context for 'APU' is selected.
19:11:27 INFO  : Sourcing of '/home/grzegorz/git/MADC_ARTY/Software/vitis/MADC/_ide/psinit/ps7_init.tcl' is done.
19:11:27 INFO  : 'ps7_init' command is executed.
19:11:27 INFO  : 'ps7_post_config' command is executed.
19:11:27 INFO  : Context for processor 'ps7_cortexa9_0' is selected.
19:11:27 INFO  : The application '/home/grzegorz/git/MADC_ARTY/Software/vitis/MADC/Debug/MADC.elf' is downloaded to processor 'ps7_cortexa9_0'.
19:11:27 INFO  : 'configparams force-mem-access 0' command is executed.
19:11:27 INFO  : ----------------XSDB Script----------------
connect -url tcp:127.0.0.1:3121
targets -set -nocase -filter {name =~"APU*"}
rst -system
after 3000
targets -set -filter {jtag_cable_name =~ "Digilent Arty Z7 003017B7ED73A" && level==0 && jtag_device_ctx=="jsn-Arty Z7-003017B7ED73A-13722093-0"}
fpga -file /home/grzegorz/git/MADC_ARTY/Software/vitis/MADC/_ide/bitstream/MADC_ARTY_Z7_wrapper.bit
targets -set -nocase -filter {name =~"APU*"}
loadhw -hw /home/grzegorz/git/MADC_ARTY/Software/vitis/MADC_ARTY_Z7_wrapper/export/MADC_ARTY_Z7_wrapper/hw/MADC_ARTY_Z7_wrapper.xsa -mem-ranges [list {0x40000000 0xbfffffff}] -regs
configparams force-mem-access 1
targets -set -nocase -filter {name =~"APU*"}
source /home/grzegorz/git/MADC_ARTY/Software/vitis/MADC/_ide/psinit/ps7_init.tcl
ps7_init
ps7_post_config
targets -set -nocase -filter {name =~ "*A9*#0"}
dow /home/grzegorz/git/MADC_ARTY/Software/vitis/MADC/Debug/MADC.elf
configparams force-mem-access 0
----------------End of Script----------------

19:11:27 INFO  : Context for processor 'ps7_cortexa9_0' is selected.
19:11:27 INFO  : 'con' command is executed.
19:11:27 INFO  : ----------------XSDB Script (After Launch)----------------
targets -set -nocase -filter {name =~ "*A9*#0"}
con
----------------End of Script----------------

19:11:27 INFO  : Launch script is exported to file '/home/grzegorz/git/MADC_ARTY/Software/vitis/MADC_system/_ide/scripts/systemdebugger_madc_system_standalone.tcl'
19:17:50 INFO  : Disconnected from the channel tcfchan#71.
19:18:03 INFO  : Hardware specification for platform project 'MADC_ARTY_Z7_wrapper' is updated.
19:18:14 INFO  : Result from executing command 'getProjects': MADC_ARTY_Z7_wrapper
19:18:14 INFO  : Result from executing command 'getPlatforms': MADC_ARTY_Z7_wrapper|/home/grzegorz/git/MADC_ARTY/Software/vitis/MADC_ARTY_Z7_wrapper/export/MADC_ARTY_Z7_wrapper/MADC_ARTY_Z7_wrapper.xpfm;xilinx_vck190_base_202410_1|/opt/Xilinx/Vitis/2024.1/base_platforms/xilinx_vck190_base_202410_1/xilinx_vck190_base_202410_1.xpfm;xilinx_vck190_base_dfx_202410_1|/opt/Xilinx/Vitis/2024.1/base_platforms/xilinx_vck190_base_dfx_202410_1/xilinx_vck190_base_dfx_202410_1.xpfm;xilinx_vek280_base_202410_1|/opt/Xilinx/Vitis/2024.1/base_platforms/xilinx_vek280_base_202410_1/xilinx_vek280_base_202410_1.xpfm;xilinx_vek280_base_bdc_202410_1|/opt/Xilinx/Vitis/2024.1/base_platforms/xilinx_vek280_base_bdc_202410_1/xilinx_vek280_base_bdc_202410_1.xpfm;xilinx_vmk180_base_202410_1|/opt/Xilinx/Vitis/2024.1/base_platforms/xilinx_vmk180_base_202410_1/xilinx_vmk180_base_202410_1.xpfm;xilinx_zcu102_base_202410_1|/opt/Xilinx/Vitis/2024.1/base_platforms/xilinx_zcu102_base_202410_1/xilinx_zcu102_base_202410_1.xpfm;xilinx_zcu102_base_dfx_202410_1|/opt/Xilinx/Vitis/2024.1/base_platforms/xilinx_zcu102_base_dfx_202410_1/xilinx_zcu102_base_dfx_202410_1.xpfm;xilinx_zcu104_base_202410_1|/opt/Xilinx/Vitis/2024.1/base_platforms/xilinx_zcu104_base_202410_1/xilinx_zcu104_base_202410_1.xpfm
19:18:21 INFO  : Checking for BSP changes to sync application flags for project 'MADC'...
19:18:24 INFO  : The hardware specification used by project 'MADC' is out of sync with the platform. Resource files extracted from the hardware specification will be updated.
19:18:24 INFO  : The file '/home/grzegorz/git/MADC_ARTY/Software/vitis/MADC/_ide/bitstream/MADC_ARTY_Z7_wrapper.bit' stored in project is removed.
19:18:24 INFO  : The updated bitstream files are copied from platform to folder '/home/grzegorz/git/MADC_ARTY/Software/vitis/MADC/_ide/bitstream' in project 'MADC'.
19:18:24 INFO  : The file '/home/grzegorz/git/MADC_ARTY/Software/vitis/MADC/_ide/psinit/ps7_init.tcl' stored in project is removed.
19:18:30 INFO  : The updated ps init files are copied from platform to folder '/home/grzegorz/git/MADC_ARTY/Software/vitis/MADC/_ide/psinit' in project 'MADC'.
19:18:43 INFO  : Connected to target on host '127.0.0.1' and port '3121'.
19:18:43 INFO  : Jtag cable 'Digilent Arty Z7 003017B7ED73A' is selected.
19:18:43 INFO  : 'jtag frequency' command is executed.
19:18:43 INFO  : Context for 'APU' is selected.
19:18:43 INFO  : System reset is completed.
19:18:46 INFO  : 'after 3000' command is executed.
19:18:46 INFO  : 'targets -set -filter {jtag_cable_name =~ "Digilent Arty Z7 003017B7ED73A" && level==0 && jtag_device_ctx=="jsn-Arty Z7-003017B7ED73A-13722093-0"}' command is executed.
19:18:48 INFO  : Device configured successfully with "/home/grzegorz/git/MADC_ARTY/Software/vitis/MADC/_ide/bitstream/MADC_ARTY_Z7_wrapper.bit"
19:18:48 INFO  : Context for 'APU' is selected.
19:18:48 INFO  : Hardware design and registers information is loaded from '/home/grzegorz/git/MADC_ARTY/Software/vitis/MADC_ARTY_Z7_wrapper/export/MADC_ARTY_Z7_wrapper/hw/MADC_ARTY_Z7_wrapper.xsa'.
19:18:48 INFO  : 'configparams force-mem-access 1' command is executed.
19:18:48 INFO  : Context for 'APU' is selected.
19:18:48 INFO  : Sourcing of '/home/grzegorz/git/MADC_ARTY/Software/vitis/MADC/_ide/psinit/ps7_init.tcl' is done.
19:18:48 INFO  : 'ps7_init' command is executed.
19:18:48 INFO  : 'ps7_post_config' command is executed.
19:18:48 INFO  : Context for processor 'ps7_cortexa9_0' is selected.
19:18:48 INFO  : The application '/home/grzegorz/git/MADC_ARTY/Software/vitis/MADC/Debug/MADC.elf' is downloaded to processor 'ps7_cortexa9_0'.
19:18:48 INFO  : 'configparams force-mem-access 0' command is executed.
19:18:48 INFO  : ----------------XSDB Script----------------
connect -url tcp:127.0.0.1:3121
targets -set -nocase -filter {name =~"APU*"}
rst -system
after 3000
targets -set -filter {jtag_cable_name =~ "Digilent Arty Z7 003017B7ED73A" && level==0 && jtag_device_ctx=="jsn-Arty Z7-003017B7ED73A-13722093-0"}
fpga -file /home/grzegorz/git/MADC_ARTY/Software/vitis/MADC/_ide/bitstream/MADC_ARTY_Z7_wrapper.bit
targets -set -nocase -filter {name =~"APU*"}
loadhw -hw /home/grzegorz/git/MADC_ARTY/Software/vitis/MADC_ARTY_Z7_wrapper/export/MADC_ARTY_Z7_wrapper/hw/MADC_ARTY_Z7_wrapper.xsa -mem-ranges [list {0x40000000 0xbfffffff}] -regs
configparams force-mem-access 1
targets -set -nocase -filter {name =~"APU*"}
source /home/grzegorz/git/MADC_ARTY/Software/vitis/MADC/_ide/psinit/ps7_init.tcl
ps7_init
ps7_post_config
targets -set -nocase -filter {name =~ "*A9*#0"}
dow /home/grzegorz/git/MADC_ARTY/Software/vitis/MADC/Debug/MADC.elf
configparams force-mem-access 0
----------------End of Script----------------

19:18:48 INFO  : Context for processor 'ps7_cortexa9_0' is selected.
19:18:48 INFO  : 'con' command is executed.
19:18:48 INFO  : ----------------XSDB Script (After Launch)----------------
targets -set -nocase -filter {name =~ "*A9*#0"}
con
----------------End of Script----------------

19:18:48 INFO  : Launch script is exported to file '/home/grzegorz/git/MADC_ARTY/Software/vitis/MADC_system/_ide/scripts/systemdebugger_madc_system_standalone.tcl'
19:24:31 INFO  : Disconnected from the channel tcfchan#74.
19:24:42 INFO  : Hardware specification for platform project 'MADC_ARTY_Z7_wrapper' is updated.
19:24:51 INFO  : Result from executing command 'getProjects': MADC_ARTY_Z7_wrapper
19:24:51 INFO  : Result from executing command 'getPlatforms': MADC_ARTY_Z7_wrapper|/home/grzegorz/git/MADC_ARTY/Software/vitis/MADC_ARTY_Z7_wrapper/export/MADC_ARTY_Z7_wrapper/MADC_ARTY_Z7_wrapper.xpfm;xilinx_vck190_base_202410_1|/opt/Xilinx/Vitis/2024.1/base_platforms/xilinx_vck190_base_202410_1/xilinx_vck190_base_202410_1.xpfm;xilinx_vck190_base_dfx_202410_1|/opt/Xilinx/Vitis/2024.1/base_platforms/xilinx_vck190_base_dfx_202410_1/xilinx_vck190_base_dfx_202410_1.xpfm;xilinx_vek280_base_202410_1|/opt/Xilinx/Vitis/2024.1/base_platforms/xilinx_vek280_base_202410_1/xilinx_vek280_base_202410_1.xpfm;xilinx_vek280_base_bdc_202410_1|/opt/Xilinx/Vitis/2024.1/base_platforms/xilinx_vek280_base_bdc_202410_1/xilinx_vek280_base_bdc_202410_1.xpfm;xilinx_vmk180_base_202410_1|/opt/Xilinx/Vitis/2024.1/base_platforms/xilinx_vmk180_base_202410_1/xilinx_vmk180_base_202410_1.xpfm;xilinx_zcu102_base_202410_1|/opt/Xilinx/Vitis/2024.1/base_platforms/xilinx_zcu102_base_202410_1/xilinx_zcu102_base_202410_1.xpfm;xilinx_zcu102_base_dfx_202410_1|/opt/Xilinx/Vitis/2024.1/base_platforms/xilinx_zcu102_base_dfx_202410_1/xilinx_zcu102_base_dfx_202410_1.xpfm;xilinx_zcu104_base_202410_1|/opt/Xilinx/Vitis/2024.1/base_platforms/xilinx_zcu104_base_202410_1/xilinx_zcu104_base_202410_1.xpfm
19:25:11 INFO  : Checking for BSP changes to sync application flags for project 'MADC'...
19:25:13 INFO  : The hardware specification used by project 'MADC' is out of sync with the platform. Resource files extracted from the hardware specification will be updated.
19:25:13 INFO  : The file '/home/grzegorz/git/MADC_ARTY/Software/vitis/MADC/_ide/bitstream/MADC_ARTY_Z7_wrapper.bit' stored in project is removed.
19:25:13 INFO  : The updated bitstream files are copied from platform to folder '/home/grzegorz/git/MADC_ARTY/Software/vitis/MADC/_ide/bitstream' in project 'MADC'.
19:25:13 INFO  : The file '/home/grzegorz/git/MADC_ARTY/Software/vitis/MADC/_ide/psinit/ps7_init.tcl' stored in project is removed.
19:25:20 INFO  : The updated ps init files are copied from platform to folder '/home/grzegorz/git/MADC_ARTY/Software/vitis/MADC/_ide/psinit' in project 'MADC'.
19:25:51 INFO  : Connected to target on host '127.0.0.1' and port '3121'.
19:25:51 INFO  : Jtag cable 'Digilent Arty Z7 003017B7ED73A' is selected.
19:25:51 INFO  : 'jtag frequency' command is executed.
19:25:52 INFO  : Context for 'APU' is selected.
19:25:52 INFO  : System reset is completed.
19:25:55 INFO  : 'after 3000' command is executed.
19:25:55 INFO  : 'targets -set -filter {jtag_cable_name =~ "Digilent Arty Z7 003017B7ED73A" && level==0 && jtag_device_ctx=="jsn-Arty Z7-003017B7ED73A-13722093-0"}' command is executed.
19:25:56 INFO  : Device configured successfully with "/home/grzegorz/git/MADC_ARTY/Software/vitis/MADC/_ide/bitstream/MADC_ARTY_Z7_wrapper.bit"
19:25:56 INFO  : Context for 'APU' is selected.
19:25:56 INFO  : Hardware design and registers information is loaded from '/home/grzegorz/git/MADC_ARTY/Software/vitis/MADC_ARTY_Z7_wrapper/export/MADC_ARTY_Z7_wrapper/hw/MADC_ARTY_Z7_wrapper.xsa'.
19:25:56 INFO  : 'configparams force-mem-access 1' command is executed.
19:25:56 INFO  : Context for 'APU' is selected.
19:25:56 INFO  : Sourcing of '/home/grzegorz/git/MADC_ARTY/Software/vitis/MADC/_ide/psinit/ps7_init.tcl' is done.
19:25:56 INFO  : 'ps7_init' command is executed.
19:25:56 INFO  : 'ps7_post_config' command is executed.
19:25:56 INFO  : Context for processor 'ps7_cortexa9_0' is selected.
19:25:56 INFO  : The application '/home/grzegorz/git/MADC_ARTY/Software/vitis/MADC/Debug/MADC.elf' is downloaded to processor 'ps7_cortexa9_0'.
19:25:56 INFO  : 'configparams force-mem-access 0' command is executed.
19:25:56 INFO  : ----------------XSDB Script----------------
connect -url tcp:127.0.0.1:3121
targets -set -nocase -filter {name =~"APU*"}
rst -system
after 3000
targets -set -filter {jtag_cable_name =~ "Digilent Arty Z7 003017B7ED73A" && level==0 && jtag_device_ctx=="jsn-Arty Z7-003017B7ED73A-13722093-0"}
fpga -file /home/grzegorz/git/MADC_ARTY/Software/vitis/MADC/_ide/bitstream/MADC_ARTY_Z7_wrapper.bit
targets -set -nocase -filter {name =~"APU*"}
loadhw -hw /home/grzegorz/git/MADC_ARTY/Software/vitis/MADC_ARTY_Z7_wrapper/export/MADC_ARTY_Z7_wrapper/hw/MADC_ARTY_Z7_wrapper.xsa -mem-ranges [list {0x40000000 0xbfffffff}] -regs
configparams force-mem-access 1
targets -set -nocase -filter {name =~"APU*"}
source /home/grzegorz/git/MADC_ARTY/Software/vitis/MADC/_ide/psinit/ps7_init.tcl
ps7_init
ps7_post_config
targets -set -nocase -filter {name =~ "*A9*#0"}
dow /home/grzegorz/git/MADC_ARTY/Software/vitis/MADC/Debug/MADC.elf
configparams force-mem-access 0
----------------End of Script----------------

19:25:56 INFO  : Context for processor 'ps7_cortexa9_0' is selected.
19:25:56 INFO  : 'con' command is executed.
19:25:56 INFO  : ----------------XSDB Script (After Launch)----------------
targets -set -nocase -filter {name =~ "*A9*#0"}
con
----------------End of Script----------------

19:25:56 INFO  : Launch script is exported to file '/home/grzegorz/git/MADC_ARTY/Software/vitis/MADC_system/_ide/scripts/systemdebugger_madc_system_standalone.tcl'
20:01:29 INFO  : Checking for BSP changes to sync application flags for project 'MADC'...
20:02:12 INFO  : Disconnected from the channel tcfchan#77.
20:02:14 INFO  : Connected to target on host '127.0.0.1' and port '3121'.
20:02:14 INFO  : Jtag cable 'Digilent Arty Z7 003017B7ED73A' is selected.
20:02:14 INFO  : 'jtag frequency' command is executed.
20:02:14 INFO  : Context for 'APU' is selected.
20:02:14 INFO  : System reset is completed.
20:02:17 INFO  : 'after 3000' command is executed.
20:02:17 INFO  : 'targets -set -filter {jtag_cable_name =~ "Digilent Arty Z7 003017B7ED73A" && level==0 && jtag_device_ctx=="jsn-Arty Z7-003017B7ED73A-13722093-0"}' command is executed.
20:02:19 INFO  : Device configured successfully with "/home/grzegorz/git/MADC_ARTY/Software/vitis/MADC/_ide/bitstream/MADC_ARTY_Z7_wrapper.bit"
20:02:19 INFO  : Context for 'APU' is selected.
20:02:19 INFO  : Hardware design and registers information is loaded from '/home/grzegorz/git/MADC_ARTY/Software/vitis/MADC_ARTY_Z7_wrapper/export/MADC_ARTY_Z7_wrapper/hw/MADC_ARTY_Z7_wrapper.xsa'.
20:02:19 INFO  : 'configparams force-mem-access 1' command is executed.
20:02:19 INFO  : Context for 'APU' is selected.
20:02:19 INFO  : Sourcing of '/home/grzegorz/git/MADC_ARTY/Software/vitis/MADC/_ide/psinit/ps7_init.tcl' is done.
20:02:19 INFO  : 'ps7_init' command is executed.
20:02:19 INFO  : 'ps7_post_config' command is executed.
20:02:19 INFO  : Context for processor 'ps7_cortexa9_0' is selected.
20:02:19 INFO  : The application '/home/grzegorz/git/MADC_ARTY/Software/vitis/MADC/Debug/MADC.elf' is downloaded to processor 'ps7_cortexa9_0'.
20:02:19 INFO  : 'configparams force-mem-access 0' command is executed.
20:02:19 INFO  : ----------------XSDB Script----------------
connect -url tcp:127.0.0.1:3121
targets -set -nocase -filter {name =~"APU*"}
rst -system
after 3000
targets -set -filter {jtag_cable_name =~ "Digilent Arty Z7 003017B7ED73A" && level==0 && jtag_device_ctx=="jsn-Arty Z7-003017B7ED73A-13722093-0"}
fpga -file /home/grzegorz/git/MADC_ARTY/Software/vitis/MADC/_ide/bitstream/MADC_ARTY_Z7_wrapper.bit
targets -set -nocase -filter {name =~"APU*"}
loadhw -hw /home/grzegorz/git/MADC_ARTY/Software/vitis/MADC_ARTY_Z7_wrapper/export/MADC_ARTY_Z7_wrapper/hw/MADC_ARTY_Z7_wrapper.xsa -mem-ranges [list {0x40000000 0xbfffffff}] -regs
configparams force-mem-access 1
targets -set -nocase -filter {name =~"APU*"}
source /home/grzegorz/git/MADC_ARTY/Software/vitis/MADC/_ide/psinit/ps7_init.tcl
ps7_init
ps7_post_config
targets -set -nocase -filter {name =~ "*A9*#0"}
dow /home/grzegorz/git/MADC_ARTY/Software/vitis/MADC/Debug/MADC.elf
configparams force-mem-access 0
----------------End of Script----------------

20:02:19 INFO  : Context for processor 'ps7_cortexa9_0' is selected.
20:02:19 INFO  : 'con' command is executed.
20:02:19 INFO  : ----------------XSDB Script (After Launch)----------------
targets -set -nocase -filter {name =~ "*A9*#0"}
con
----------------End of Script----------------

20:02:19 INFO  : Launch script is exported to file '/home/grzegorz/git/MADC_ARTY/Software/vitis/MADC_system/_ide/scripts/systemdebugger_madc_system_standalone.tcl'
20:03:50 INFO  : Checking for BSP changes to sync application flags for project 'MADC'...
20:03:56 INFO  : Disconnected from the channel tcfchan#79.
20:03:59 INFO  : Connected to target on host '127.0.0.1' and port '3121'.
20:04:00 INFO  : Jtag cable 'Digilent Arty Z7 003017B7ED73A' is selected.
20:04:00 INFO  : 'jtag frequency' command is executed.
20:04:00 INFO  : Context for 'APU' is selected.
20:04:00 INFO  : System reset is completed.
20:04:03 INFO  : 'after 3000' command is executed.
20:04:03 INFO  : 'targets -set -filter {jtag_cable_name =~ "Digilent Arty Z7 003017B7ED73A" && level==0 && jtag_device_ctx=="jsn-Arty Z7-003017B7ED73A-13722093-0"}' command is executed.
20:04:04 INFO  : Device configured successfully with "/home/grzegorz/git/MADC_ARTY/Software/vitis/MADC/_ide/bitstream/MADC_ARTY_Z7_wrapper.bit"
20:04:04 INFO  : Context for 'APU' is selected.
20:04:04 INFO  : Hardware design and registers information is loaded from '/home/grzegorz/git/MADC_ARTY/Software/vitis/MADC_ARTY_Z7_wrapper/export/MADC_ARTY_Z7_wrapper/hw/MADC_ARTY_Z7_wrapper.xsa'.
20:04:04 INFO  : 'configparams force-mem-access 1' command is executed.
20:04:04 INFO  : Context for 'APU' is selected.
20:04:04 INFO  : Sourcing of '/home/grzegorz/git/MADC_ARTY/Software/vitis/MADC/_ide/psinit/ps7_init.tcl' is done.
20:04:04 INFO  : 'ps7_init' command is executed.
20:04:04 INFO  : 'ps7_post_config' command is executed.
20:04:04 INFO  : Context for processor 'ps7_cortexa9_0' is selected.
20:04:04 INFO  : The application '/home/grzegorz/git/MADC_ARTY/Software/vitis/MADC/Debug/MADC.elf' is downloaded to processor 'ps7_cortexa9_0'.
20:04:04 INFO  : 'configparams force-mem-access 0' command is executed.
20:04:04 INFO  : ----------------XSDB Script----------------
connect -url tcp:127.0.0.1:3121
targets -set -nocase -filter {name =~"APU*"}
rst -system
after 3000
targets -set -filter {jtag_cable_name =~ "Digilent Arty Z7 003017B7ED73A" && level==0 && jtag_device_ctx=="jsn-Arty Z7-003017B7ED73A-13722093-0"}
fpga -file /home/grzegorz/git/MADC_ARTY/Software/vitis/MADC/_ide/bitstream/MADC_ARTY_Z7_wrapper.bit
targets -set -nocase -filter {name =~"APU*"}
loadhw -hw /home/grzegorz/git/MADC_ARTY/Software/vitis/MADC_ARTY_Z7_wrapper/export/MADC_ARTY_Z7_wrapper/hw/MADC_ARTY_Z7_wrapper.xsa -mem-ranges [list {0x40000000 0xbfffffff}] -regs
configparams force-mem-access 1
targets -set -nocase -filter {name =~"APU*"}
source /home/grzegorz/git/MADC_ARTY/Software/vitis/MADC/_ide/psinit/ps7_init.tcl
ps7_init
ps7_post_config
targets -set -nocase -filter {name =~ "*A9*#0"}
dow /home/grzegorz/git/MADC_ARTY/Software/vitis/MADC/Debug/MADC.elf
configparams force-mem-access 0
----------------End of Script----------------

20:04:04 INFO  : Context for processor 'ps7_cortexa9_0' is selected.
20:04:04 INFO  : 'con' command is executed.
20:04:04 INFO  : ----------------XSDB Script (After Launch)----------------
targets -set -nocase -filter {name =~ "*A9*#0"}
con
----------------End of Script----------------

20:04:04 INFO  : Launch script is exported to file '/home/grzegorz/git/MADC_ARTY/Software/vitis/MADC_system/_ide/scripts/systemdebugger_madc_system_standalone.tcl'
20:05:37 INFO  : Checking for BSP changes to sync application flags for project 'MADC'...
20:05:49 INFO  : Disconnected from the channel tcfchan#81.
20:05:51 INFO  : Connected to target on host '127.0.0.1' and port '3121'.
20:05:52 INFO  : Jtag cable 'Digilent Arty Z7 003017B7ED73A' is selected.
20:05:52 INFO  : 'jtag frequency' command is executed.
20:05:52 INFO  : Context for 'APU' is selected.
20:05:52 INFO  : System reset is completed.
20:05:55 INFO  : 'after 3000' command is executed.
20:05:55 INFO  : 'targets -set -filter {jtag_cable_name =~ "Digilent Arty Z7 003017B7ED73A" && level==0 && jtag_device_ctx=="jsn-Arty Z7-003017B7ED73A-13722093-0"}' command is executed.
20:05:56 INFO  : Device configured successfully with "/home/grzegorz/git/MADC_ARTY/Software/vitis/MADC/_ide/bitstream/MADC_ARTY_Z7_wrapper.bit"
20:05:56 INFO  : Context for 'APU' is selected.
20:05:56 INFO  : Hardware design and registers information is loaded from '/home/grzegorz/git/MADC_ARTY/Software/vitis/MADC_ARTY_Z7_wrapper/export/MADC_ARTY_Z7_wrapper/hw/MADC_ARTY_Z7_wrapper.xsa'.
20:05:56 INFO  : 'configparams force-mem-access 1' command is executed.
20:05:56 INFO  : Context for 'APU' is selected.
20:05:56 INFO  : Sourcing of '/home/grzegorz/git/MADC_ARTY/Software/vitis/MADC/_ide/psinit/ps7_init.tcl' is done.
20:05:56 INFO  : 'ps7_init' command is executed.
20:05:56 INFO  : 'ps7_post_config' command is executed.
20:05:56 INFO  : Context for processor 'ps7_cortexa9_0' is selected.
20:05:56 INFO  : The application '/home/grzegorz/git/MADC_ARTY/Software/vitis/MADC/Debug/MADC.elf' is downloaded to processor 'ps7_cortexa9_0'.
20:05:56 INFO  : 'configparams force-mem-access 0' command is executed.
20:05:56 INFO  : ----------------XSDB Script----------------
connect -url tcp:127.0.0.1:3121
targets -set -nocase -filter {name =~"APU*"}
rst -system
after 3000
targets -set -filter {jtag_cable_name =~ "Digilent Arty Z7 003017B7ED73A" && level==0 && jtag_device_ctx=="jsn-Arty Z7-003017B7ED73A-13722093-0"}
fpga -file /home/grzegorz/git/MADC_ARTY/Software/vitis/MADC/_ide/bitstream/MADC_ARTY_Z7_wrapper.bit
targets -set -nocase -filter {name =~"APU*"}
loadhw -hw /home/grzegorz/git/MADC_ARTY/Software/vitis/MADC_ARTY_Z7_wrapper/export/MADC_ARTY_Z7_wrapper/hw/MADC_ARTY_Z7_wrapper.xsa -mem-ranges [list {0x40000000 0xbfffffff}] -regs
configparams force-mem-access 1
targets -set -nocase -filter {name =~"APU*"}
source /home/grzegorz/git/MADC_ARTY/Software/vitis/MADC/_ide/psinit/ps7_init.tcl
ps7_init
ps7_post_config
targets -set -nocase -filter {name =~ "*A9*#0"}
dow /home/grzegorz/git/MADC_ARTY/Software/vitis/MADC/Debug/MADC.elf
configparams force-mem-access 0
----------------End of Script----------------

20:05:56 INFO  : Context for processor 'ps7_cortexa9_0' is selected.
20:05:56 INFO  : 'con' command is executed.
20:05:56 INFO  : ----------------XSDB Script (After Launch)----------------
targets -set -nocase -filter {name =~ "*A9*#0"}
con
----------------End of Script----------------

20:05:56 INFO  : Launch script is exported to file '/home/grzegorz/git/MADC_ARTY/Software/vitis/MADC_system/_ide/scripts/systemdebugger_madc_system_standalone.tcl'
20:18:35 INFO  : Checking for BSP changes to sync application flags for project 'MADC'...
20:18:46 INFO  : Disconnected from the channel tcfchan#83.
20:18:48 INFO  : Connected to target on host '127.0.0.1' and port '3121'.
20:18:48 INFO  : Jtag cable 'Digilent Arty Z7 003017B7ED73A' is selected.
20:18:48 INFO  : 'jtag frequency' command is executed.
20:18:48 INFO  : Context for 'APU' is selected.
20:18:49 INFO  : System reset is completed.
20:18:52 INFO  : 'after 3000' command is executed.
20:18:52 INFO  : 'targets -set -filter {jtag_cable_name =~ "Digilent Arty Z7 003017B7ED73A" && level==0 && jtag_device_ctx=="jsn-Arty Z7-003017B7ED73A-13722093-0"}' command is executed.
20:18:53 INFO  : Device configured successfully with "/home/grzegorz/git/MADC_ARTY/Software/vitis/MADC/_ide/bitstream/MADC_ARTY_Z7_wrapper.bit"
20:18:53 INFO  : Context for 'APU' is selected.
20:18:53 INFO  : Hardware design and registers information is loaded from '/home/grzegorz/git/MADC_ARTY/Software/vitis/MADC_ARTY_Z7_wrapper/export/MADC_ARTY_Z7_wrapper/hw/MADC_ARTY_Z7_wrapper.xsa'.
20:18:53 INFO  : 'configparams force-mem-access 1' command is executed.
20:18:53 INFO  : Context for 'APU' is selected.
20:18:53 INFO  : Sourcing of '/home/grzegorz/git/MADC_ARTY/Software/vitis/MADC/_ide/psinit/ps7_init.tcl' is done.
20:18:53 INFO  : 'ps7_init' command is executed.
20:18:53 INFO  : 'ps7_post_config' command is executed.
20:18:53 INFO  : Context for processor 'ps7_cortexa9_0' is selected.
20:18:53 INFO  : The application '/home/grzegorz/git/MADC_ARTY/Software/vitis/MADC/Debug/MADC.elf' is downloaded to processor 'ps7_cortexa9_0'.
20:18:53 INFO  : 'configparams force-mem-access 0' command is executed.
20:18:53 INFO  : ----------------XSDB Script----------------
connect -url tcp:127.0.0.1:3121
targets -set -nocase -filter {name =~"APU*"}
rst -system
after 3000
targets -set -filter {jtag_cable_name =~ "Digilent Arty Z7 003017B7ED73A" && level==0 && jtag_device_ctx=="jsn-Arty Z7-003017B7ED73A-13722093-0"}
fpga -file /home/grzegorz/git/MADC_ARTY/Software/vitis/MADC/_ide/bitstream/MADC_ARTY_Z7_wrapper.bit
targets -set -nocase -filter {name =~"APU*"}
loadhw -hw /home/grzegorz/git/MADC_ARTY/Software/vitis/MADC_ARTY_Z7_wrapper/export/MADC_ARTY_Z7_wrapper/hw/MADC_ARTY_Z7_wrapper.xsa -mem-ranges [list {0x40000000 0xbfffffff}] -regs
configparams force-mem-access 1
targets -set -nocase -filter {name =~"APU*"}
source /home/grzegorz/git/MADC_ARTY/Software/vitis/MADC/_ide/psinit/ps7_init.tcl
ps7_init
ps7_post_config
targets -set -nocase -filter {name =~ "*A9*#0"}
dow /home/grzegorz/git/MADC_ARTY/Software/vitis/MADC/Debug/MADC.elf
configparams force-mem-access 0
----------------End of Script----------------

20:18:53 INFO  : Context for processor 'ps7_cortexa9_0' is selected.
20:18:53 INFO  : 'con' command is executed.
20:18:53 INFO  : ----------------XSDB Script (After Launch)----------------
targets -set -nocase -filter {name =~ "*A9*#0"}
con
----------------End of Script----------------

20:18:53 INFO  : Launch script is exported to file '/home/grzegorz/git/MADC_ARTY/Software/vitis/MADC_system/_ide/scripts/systemdebugger_madc_system_standalone.tcl'
20:20:21 INFO  : Disconnected from the channel tcfchan#85.
20:20:24 INFO  : Checking for BSP changes to sync application flags for project 'MADC'...
20:20:37 INFO  : Connected to target on host '127.0.0.1' and port '3121'.
20:20:37 INFO  : Jtag cable 'Digilent Arty Z7 003017B7ED73A' is selected.
20:20:37 INFO  : 'jtag frequency' command is executed.
20:20:37 INFO  : Context for 'APU' is selected.
20:20:37 INFO  : System reset is completed.
20:20:40 INFO  : 'after 3000' command is executed.
20:20:40 INFO  : 'targets -set -filter {jtag_cable_name =~ "Digilent Arty Z7 003017B7ED73A" && level==0 && jtag_device_ctx=="jsn-Arty Z7-003017B7ED73A-13722093-0"}' command is executed.
20:20:41 INFO  : Device configured successfully with "/home/grzegorz/git/MADC_ARTY/Software/vitis/MADC/_ide/bitstream/MADC_ARTY_Z7_wrapper.bit"
20:20:41 INFO  : Context for 'APU' is selected.
20:20:41 INFO  : Hardware design and registers information is loaded from '/home/grzegorz/git/MADC_ARTY/Software/vitis/MADC_ARTY_Z7_wrapper/export/MADC_ARTY_Z7_wrapper/hw/MADC_ARTY_Z7_wrapper.xsa'.
20:20:41 INFO  : 'configparams force-mem-access 1' command is executed.
20:20:41 INFO  : Context for 'APU' is selected.
20:20:41 INFO  : Sourcing of '/home/grzegorz/git/MADC_ARTY/Software/vitis/MADC/_ide/psinit/ps7_init.tcl' is done.
20:20:42 INFO  : 'ps7_init' command is executed.
20:20:42 INFO  : 'ps7_post_config' command is executed.
20:20:42 INFO  : Context for processor 'ps7_cortexa9_0' is selected.
20:20:42 INFO  : The application '/home/grzegorz/git/MADC_ARTY/Software/vitis/MADC/Debug/MADC.elf' is downloaded to processor 'ps7_cortexa9_0'.
20:20:42 INFO  : 'configparams force-mem-access 0' command is executed.
20:20:42 INFO  : ----------------XSDB Script----------------
connect -url tcp:127.0.0.1:3121
targets -set -nocase -filter {name =~"APU*"}
rst -system
after 3000
targets -set -filter {jtag_cable_name =~ "Digilent Arty Z7 003017B7ED73A" && level==0 && jtag_device_ctx=="jsn-Arty Z7-003017B7ED73A-13722093-0"}
fpga -file /home/grzegorz/git/MADC_ARTY/Software/vitis/MADC/_ide/bitstream/MADC_ARTY_Z7_wrapper.bit
targets -set -nocase -filter {name =~"APU*"}
loadhw -hw /home/grzegorz/git/MADC_ARTY/Software/vitis/MADC_ARTY_Z7_wrapper/export/MADC_ARTY_Z7_wrapper/hw/MADC_ARTY_Z7_wrapper.xsa -mem-ranges [list {0x40000000 0xbfffffff}] -regs
configparams force-mem-access 1
targets -set -nocase -filter {name =~"APU*"}
source /home/grzegorz/git/MADC_ARTY/Software/vitis/MADC/_ide/psinit/ps7_init.tcl
ps7_init
ps7_post_config
targets -set -nocase -filter {name =~ "*A9*#0"}
dow /home/grzegorz/git/MADC_ARTY/Software/vitis/MADC/Debug/MADC.elf
configparams force-mem-access 0
----------------End of Script----------------

20:20:42 INFO  : Context for processor 'ps7_cortexa9_0' is selected.
20:20:42 INFO  : 'con' command is executed.
20:20:42 INFO  : ----------------XSDB Script (After Launch)----------------
targets -set -nocase -filter {name =~ "*A9*#0"}
con
----------------End of Script----------------

20:20:42 INFO  : Launch script is exported to file '/home/grzegorz/git/MADC_ARTY/Software/vitis/MADC_system/_ide/scripts/systemdebugger_madc_system_standalone.tcl'
20:54:28 INFO  : Disconnected from the channel tcfchan#87.
20:54:37 INFO  : Result from executing command 'removePlatformRepo': 
20:54:42 ERROR : Error from executing command 'removePlatformRepo': ERROR: No valid directory exists at given path.
